video_date,video_id,title,line_number,start_timestamp,end_timestamp,duration_seconds,content
2023-12-14,,Conseil communal - 14 décembre 2023,5,0:00,7:12,432,Début de la séance
2023-12-14,,Conseil communal - 14 décembre 2023,6,7:12,12:34,322,(1) Appel
2023-12-14,,Conseil communal - 14 décembre 2023,7,12:34,14:05,91,(8) Budget 2024 du CITS
2023-12-14,,Conseil communal - 14 décembre 2023,8,14:05,14:27,22,Vote
2023-12-14,,Conseil communal - 14 décembre 2023,9,14:27,16:09,102,(9.4) Demande d’un crédit de CHF 510'000.- pour l’acquisition d’une servitude d’usage et les études nécessaires à la transformation d’un parking en parc public avec place de jeux à la rue du Dévin à Gilamont
2023-12-14,,Conseil communal - 14 décembre 2023,10,16:09,16:36,27,Vote
2023-12-14,,Conseil communal - 14 décembre 2023,11,16:36,19:35,179,(9.5) Demande d’un crédit supplémentaire de CHF 366'470.- pour la création d’un skatepark intégré en béton à l’angle des Quais Maria-Belgia et Veveyse
2023-12-14,,Conseil communal - 14 décembre 2023,12,19:35,20:42,67,Prise de parole de M. Schobinger (UDC)
2023-12-14,,Conseil communal - 14 décembre 2023,13,20:42,22:04,82,Prise de parole de Mme Perrier (Les Vert - e - s)
2023-12-14,,Conseil communal - 14 décembre 2023,14,22:04,23:53,109,Amendement de Mme Marques (PLR)
2023-12-14,,Conseil communal - 14 décembre 2023,15,23:53,26:53,180,Réponse de Mme Willommet (Municipale)
2023-12-14,,Conseil communal - 14 décembre 2023,16,26:53,28:34,101,Réponse de M. Imhof (Municipal)
2023-12-14,,Conseil communal - 14 décembre 2023,17,28:34,29:31,57,Prise de parole de M. Herminjard (PLR)
2023-12-14,,Conseil communal - 14 décembre 2023,18,29:31,31:28,117,Prise de parole de Mme Dohr (VL)
2023-12-14,,Conseil communal - 14 décembre 2023,19,31:28,32:50,82,Question de Mme Minacci (da.)
2023-12-14,,Conseil communal - 14 décembre 2023,20,32:50,34:57,127,Réponse de Mme Willommet (Municipale)
2023-12-14,,Conseil communal - 14 décembre 2023,21,34:57,35:41,44,Question de Mme Simonin (VL)
2023-12-14,,Conseil communal - 14 décembre 2023,22,35:41,40:40,299,Diverses prises de parole
2023-12-14,,Conseil communal - 14 décembre 2023,23,40:40,41:55,75,Explications de Mme Pilloud (UDC)
2023-12-14,,Conseil communal - 14 décembre 2023,24,41:55,43:22,87,Prise de parole de M. Bertschy (PLR)
2023-12-14,,Conseil communal - 14 décembre 2023,25,43:22,44:21,59,Réponse de Mme Willommet (Municipale)
2023-12-14,,Conseil communal - 14 décembre 2023,26,44:21,44:49,28,Vote sur l'amendement
2023-12-14,,Conseil communal - 14 décembre 2023,27,44:49,45:36,47,Vote sur les conclusions du préavis
2023-12-14,,Conseil communal - 14 décembre 2023,28,45:36,47:09,93,(9.6) Demande de crédit de CHF 5'925'000.- pour l’entretien du patrimoine communal année 2024
2023-12-14,,Conseil communal - 14 décembre 2023,29,47:09,48:10,61,Prise de parole de M. Ansermet (PS)
2023-12-14,,Conseil communal - 14 décembre 2023,30,48:10,50:43,153,Prise de parole de Mme Lopez (da.)
2023-12-14,,Conseil communal - 14 décembre 2023,31,50:43,53:59,196,Réponse de M. Molliat (Municipal)
2023-12-14,,Conseil communal - 14 décembre 2023,32,53:59,54:49,50,Prise de parole de M. Gonthier (da.)
2023-12-14,,Conseil communal - 14 décembre 2023,33,54:49,55:55,66,Réponse de M. Molliat (Municipal)
2023-12-14,,Conseil communal - 14 décembre 2023,34,55:55,56:18,23,Vote
2023-12-14,,Conseil communal - 14 décembre 2023,35,56:18,58:25,127,(9.7) Demande d’un crédit-cadre de CHF 1’005'000.- pour un programme sylvicole des forêts communales de 2023 à 2032
2023-12-14,,Conseil communal - 14 décembre 2023,36,58:25,58:46,21,Vote
2023-12-14,,Conseil communal - 14 décembre 2023,37,58:46,1:00:05,79,"(9.8) Rapport-préavis en réponse au postulat de M. Bonjour (VL/Interpartis) ""Tous gagnants"""
2023-12-14,,Conseil communal - 14 décembre 2023,38,1:00:05,1:01:19,74,Précisions de M. Bonjour (VL)
2023-12-14,,Conseil communal - 14 décembre 2023,39,1:01:19,1:02:07,48,Question de Mme Dohr (VL)
2023-12-14,,Conseil communal - 14 décembre 2023,40,1:02:07,1:02:36,29,Vote
2023-12-14,,Conseil communal - 14 décembre 2023,41,1:02:36,1:02:48,12,(10) Réponses aux interpellations
2023-12-14,,Conseil communal - 14 décembre 2023,42,1:02:48,1:04:31,103,"(10.1) Interpellation de Mme Simonin (VL), intitulée ""Les grandes oubliées des transformations urbaines de Vevey : les places de parking pour personnes à mobilité réduite"""
2023-12-14,,Conseil communal - 14 décembre 2023,43,1:04:31,1:05:51,80,Prise de parole de Mme Dohr (VL)
2023-12-14,,Conseil communal - 14 décembre 2023,44,1:05:51,1:07:10,79,"(10.2) Interpellation de Mme Dohr (VL), intitulée ""La SPA du Haut-Léman, une association d’utilité publique qui est appréciée, mais aussi sous-estimée"""
2023-12-14,,Conseil communal - 14 décembre 2023,45,1:07:10,1:07:15,5,(11) Communications de la Municipalité
2023-12-14,,Conseil communal - 14 décembre 2023,46,1:07:15,1:07:29,14,(11.1) Ouverture d’un compte d’attente de CHF 180'000.- en vue du financement des études de mise en zone 30 de l’avenue Nestlé et de son réaménagement
2023-12-14,,Conseil communal - 14 décembre 2023,47,1:07:29,1:07:46,17,"(11.2) Ouverture d’un compte d’attente d’un montant total de CHF 180'000.- en vue du financement des études de mise en zone 30 des rues du Simplon, d’Italie, de la Clergère et de Lausanne et de leur réaménagement"
2023-12-14,,Conseil communal - 14 décembre 2023,48,1:07:46,1:07:57,11,(11.3) Ouverture d’un compte d’attente d’un montant de CHF 120'000.- en vue du financement des études préliminaires pour le réaménagement du secteur d’Entre-deux-Villes
2023-12-14,,Conseil communal - 14 décembre 2023,49,1:07:57,1:09:14,77,Précisions de M. Dormond (Municipal)
2023-12-14,,Conseil communal - 14 décembre 2023,50,1:09:14,1:09:22,8,(11.4) Gestion des vélos abandonnés sur le domaine public
2023-12-14,,Conseil communal - 14 décembre 2023,51,1:09:22,1:09:33,11,(11.5) Aide humanitaire et en cas de catastrophe. Aide aux pays en voie de développement – Année 2023
2023-12-14,,Conseil communal - 14 décembre 2023,52,1:09:33,1:09:37,4,(11.6) Plan des investissements 2023 – 2026
2023-12-14,,Conseil communal - 14 décembre 2023,53,1:09:37,1:10:21,44,Prise de parole de Mme Carruzzo Evéquoz (Les Vert - e - s)
2023-12-14,,Conseil communal - 14 décembre 2023,54,1:10:21,1:11:13,52,Remarque de M. Gonthier (da.)
2023-12-14,,Conseil communal - 14 décembre 2023,55,1:11:13,1:11:24,11,Réponse de M. Imhof (Municipal)
2023-12-14,,Conseil communal - 14 décembre 2023,56,1:11:24,1:12:24,60,Question de Mme Dohr (VL)
2023-12-14,,Conseil communal - 14 décembre 2023,57,1:12:24,1:13:27,63,Réponse de M. Dormond (Municipal)
2023-12-14,,Conseil communal - 14 décembre 2023,58,1:13:27,1:14:49,82,Prise de parole de M. Bertschy (PLR)
2023-12-14,,Conseil communal - 14 décembre 2023,59,1:14:49,1:14:52,3,"(12) Interpellations, motions, postulats, projets de règlement"
2023-12-14,,Conseil communal - 14 décembre 2023,60,1:14:52,1:18:33,221,"(12.1) Postulat de M. Ansermet (PS), intitulée ""Réchauffement climatique : et si on créait des micro-forêts urbaines ?"""
2023-12-14,,Conseil communal - 14 décembre 2023,61,1:18:33,1:19:38,65,Prise de parole de M. Schobinger (UDC)
2023-12-14,,Conseil communal - 14 décembre 2023,62,1:19:38,1:20:35,57,Réponse de M. Ansermet (PS)
2023-12-14,,Conseil communal - 14 décembre 2023,63,1:20:35,1:21:16,41,Prise de parole de M. Schobinger (UDC)
2023-12-14,,Conseil communal - 14 décembre 2023,64,1:21:16,1:21:47,31,Réponse de M. Imhof (Municipal)
2023-12-14,,Conseil communal - 14 décembre 2023,65,1:21:47,1:22:28,41,Vote
2023-12-14,,Conseil communal - 14 décembre 2023,66,1:22:28,1:27:28,300,"(12.2) Interpellation de M. Gavin (da.) intitulée ""Festival Vibiscum : deux éditions, des questions"""
2023-12-14,,Conseil communal - 14 décembre 2023,67,1:27:28,1:37:45,617,Réponse de Mme Kämpf (Municipale)
2023-12-14,,Conseil communal - 14 décembre 2023,68,1:37:45,1:38:42,57,Prise de parole de Mme Dohr (VL)
2023-12-14,,Conseil communal - 14 décembre 2023,69,1:38:42,1:40:31,109,Questions de M. Gavin (da.)
2023-12-14,,Conseil communal - 14 décembre 2023,70,1:40:31,1:42:06,95,Question de M. C. Wahli (Les Vert - e - s)
2023-12-14,,Conseil communal - 14 décembre 2023,71,1:42:06,1:43:07,61,Prise de parole de Mme Houriet (PS)
2023-12-14,,Conseil communal - 14 décembre 2023,72,1:43:07,1:43:54,47,Réponse de M. Gavin (da.)
2023-12-14,,Conseil communal - 14 décembre 2023,73,1:43:54,1:45:56,122,Prise de parole de M. Bertschy (PLR)
2023-12-14,,Conseil communal - 14 décembre 2023,74,1:45:56,1:46:14,18,Prise de parole de Mme Houriet (PS)
2023-12-14,,Conseil communal - 14 décembre 2023,75,1:46:14,1:48:32,138,Précisions de M. Bertschy (VL)
2023-12-14,,Conseil communal - 14 décembre 2023,76,1:48:32,1:49:25,53,Question de Mme Minacci (da.) à M. Berstchy (PLR)
2023-12-14,,Conseil communal - 14 décembre 2023,77,1:49:25,1:54:03,278,Questions de M. Gonthier (da.)
2023-12-14,,Conseil communal - 14 décembre 2023,78,1:54:03,1:55:46,103,Prise de parole de M. Bertschy (PLR)
2023-12-14,,Conseil communal - 14 décembre 2023,79,1:55:46,1:58:46,180,Réponses de Mme Kämpf (Municipale)
2023-12-14,,Conseil communal - 14 décembre 2023,80,1:58:46,1:59:13,27,Précision de M. Gavin (da.)
2023-12-14,,Conseil communal - 14 décembre 2023,81,1:59:13,1:59:17,4,"(13) Questions voeux, propositions individuelles"
2023-12-14,,Conseil communal - 14 décembre 2023,82,1:59:17,2:06:25,428,Réponse de M. Luccarini (Syndic)
2023-12-14,,Conseil communal - 14 décembre 2023,83,2:06:25,2:07:34,69,Prise de parole de M. Schobinger (UDC)
2023-12-14,,Conseil communal - 14 décembre 2023,84,2:07:34,2:08:04,30,Question de M. Ansermet (PS)
2023-12-14,,Conseil communal - 14 décembre 2023,85,2:08:04,2:10:22,138,Réponse de M. Imhof (Municipal)
2023-12-14,,Conseil communal - 14 décembre 2023,86,2:10:22,2:11:10,48,Question de M. Cornu (PLR)
2023-12-14,,Conseil communal - 14 décembre 2023,87,2:11:10,2:13:13,123,Prise de parole de M. Bertholet (da.)
2023-12-14,,Conseil communal - 14 décembre 2023,88,2:13:13,2:14:10,57,Information de Mme De Stefanis (PS)
2023-12-14,,Conseil communal - 14 décembre 2023,89,2:14:10,2:15:10,60,Remerciements de Mme Dohr (VL)
2023-12-14,,Conseil communal - 14 décembre 2023,90,2:15:10,2:16:35,85,Remerciements de la Présidente
2023-12-14,,Conseil communal - 14 décembre 2023,91,2:16:35,2:16:52,17,Fin de la séance
2024-02-01,,Conseil communal - 1er février 2024,5,0:00,7:20,440,Début de la séance
2024-02-01,,Conseil communal - 1er février 2024,6,7:20,11:50,270,(1) Appel
2024-02-01,,Conseil communal - 1er février 2024,7,11:50,14:31,161,(2) Adoption de l'ordre du jour
2024-02-01,,Conseil communal - 1er février 2024,8,14:31,15:53,82,Remarque de M. Christen (VL)
2024-02-01,,Conseil communal - 1er février 2024,9,15:53,16:48,55,Réponse de M. Dormond (Municipal)
2024-02-01,,Conseil communal - 1er février 2024,10,16:48,18:40,112,Prise de parole de M. Chiffelle (da.)
2024-02-01,,Conseil communal - 1er février 2024,11,18:40,18:55,15,Vote
2024-02-01,,Conseil communal - 1er février 2024,12,18:55,21:20,145,(3) Communications du Bureau et correspondance
2024-02-01,,Conseil communal - 1er février 2024,13,21:20,21:30,10,(5 et 6) aucun objet
2024-02-01,,Conseil communal - 1er février 2024,14,21:30,21:47,17,(4) Adoption du procès-verbal des 7 et 14 décembre 2023
2024-02-01,,Conseil communal - 1er février 2024,15,21:47,22:04,17,Vote
2024-02-01,,Conseil communal - 1er février 2024,16,22:04,22:16,12,(7) Information au Conseil communal au sujet des organismes intercommunaux
2024-02-01,,Conseil communal - 1er février 2024,17,22:16,22:39,23,(8) Préavis / Rapports-préavis
2024-02-01,,Conseil communal - 1er février 2024,18,22:39,22:58,19,(8.1) Crédits supplémentaires au budget communal 2023 - 2e série
2024-02-01,,Conseil communal - 1er février 2024,19,22:58,23:52,54,"(8.2) Demande crédit pour financer démarche participative, aménagement temporaire et organisation de mandats d’études parallèles pour réaménagement de la place Robin"
2024-02-01,,Conseil communal - 1er février 2024,20,23:52,24:44,52,(8.3) Adoption du Plan d’affectation «Les Moulins» et servitude de passage public à pied et à vélo
2024-02-01,,Conseil communal - 1er février 2024,21,24:44,25:55,71,(8.4) Demande crédit d’ouvrage pour transformation du bâtiment « La Cheneau » à Château-d’Oex
2024-02-01,,Conseil communal - 1er février 2024,22,25:55,26:58,63,"(8.5) Demande crédits et autorisations pour achat du bien-fonds N°314 et études rénovation bâtiment rue des Moulins 11, propriété de la Société Coopérative d’Habitation «Charmontey»"
2024-02-01,,Conseil communal - 1er février 2024,23,26:58,27:16,18,(8.6) Demande crédit supplémentaire pour financement accueil scolaire de migrant·e·s dans bâtiment Nestlé à Plan-Dessus
2024-02-01,,Conseil communal - 1er février 2024,24,27:16,27:21,5,(8.7) Adoption du Plan d’Affectation «Avenue Reller» et son règlement
2024-02-01,,Conseil communal - 1er février 2024,25,27:21,29:02,101,(8.8) Adoption du Plan d’affectation «Rue de Fribourg» et son règlement
2024-02-01,,Conseil communal - 1er février 2024,26,29:02,29:03,1,(9) Rapports
2024-02-01,,Conseil communal - 1er février 2024,27,29:03,33:08,245,(9.1) Adoption du Plan Directeur Communal (PDCom)
2024-02-01,,Conseil communal - 1er février 2024,28,33:08,37:47,279,Prise de parole de M. Dormond (Municipal)
2024-02-01,,Conseil communal - 1er février 2024,29,37:47,46:24,517,Parole aux groupes
2024-02-01,,Conseil communal - 1er février 2024,30,46:24,47:19,55,Amendement sur les îlots composites de Plan-Dessus
2024-02-01,,Conseil communal - 1er février 2024,31,47:19,48:30,71,Prise de parole de M. Christen (VL)
2024-02-01,,Conseil communal - 1er février 2024,32,48:30,54:22,352,Proposition d'amendement de M. Chiffelle (da.)
2024-02-01,,Conseil communal - 1er février 2024,33,54:22,55:18,56,Prise de parole de M. Schobinger (UDC)
2024-02-01,,Conseil communal - 1er février 2024,34,55:18,56:20,62,Prise de parole de Mme Dohr (VL)
2024-02-01,,Conseil communal - 1er février 2024,35,56:20,59:09,169,Réponse de M. Dormond (Municipal)
2024-02-01,,Conseil communal - 1er février 2024,36,59:09,1:08:34,565,Diverses prises de parole
2024-02-01,,Conseil communal - 1er février 2024,37,1:08:34,1:10:47,133,M. Christen retire ses amendements
2024-02-01,,Conseil communal - 1er février 2024,38,1:10:47,1:12:04,77,Prise de parole de M. Bertschy (PLR)
2024-02-01,,Conseil communal - 1er février 2024,39,1:12:04,1:15:21,197,Vote sur l'amendement de M. Chiffelle (da.)
2024-02-01,,Conseil communal - 1er février 2024,40,1:15:21,1:16:11,50,Amendement sur la démographie
2024-02-01,,Conseil communal - 1er février 2024,41,1:16:11,1:17:16,65,Vote
2024-02-01,,Conseil communal - 1er février 2024,42,1:17:16,1:18:42,86,Amendement sur les logements d'utilité publique
2024-02-01,,Conseil communal - 1er février 2024,43,1:18:42,1:21:30,168,Proposition d'amendement de Mme Gigon
2024-02-01,,Conseil communal - 1er février 2024,44,1:21:30,1:23:54,144,Proposition d'amendement de M. Gonthier (da.)
2024-02-01,,Conseil communal - 1er février 2024,45,1:23:54,1:25:34,100,Précisions de Mme Tobler (PLR)
2024-02-01,,Conseil communal - 1er février 2024,46,1:25:34,1:29:27,233,Diverses prises de parole
2024-02-01,,Conseil communal - 1er février 2024,47,1:29:27,1:30:37,70,Réponse de M. Dormond (Municipal)
2024-02-01,,Conseil communal - 1er février 2024,48,1:30:37,1:32:29,112,Prise de parole de M. Matthys (PS)
2024-02-01,,Conseil communal - 1er février 2024,49,1:32:29,1:34:11,102,Proposition de M. Dormond (Municipal)
2024-02-01,,Conseil communal - 1er février 2024,50,1:34:11,1:35:34,83,Vote sur la reformulation de l'amendement de Mme Gigon par M. Dormond (Municipal)
2024-02-01,,Conseil communal - 1er février 2024,51,1:35:34,1:36:34,60,Amendement sur le soutien aux initiatives sociales en lien avec la mobilité locale
2024-02-01,,Conseil communal - 1er février 2024,52,1:36:34,1:37:45,71,Proposition d'amendement de M. Gonthier (da.)
2024-02-01,,Conseil communal - 1er février 2024,53,1:37:45,1:39:42,117,Vote sur l'amendement de M. Gonthier (da.)
2024-02-01,,Conseil communal - 1er février 2024,54,1:39:42,1:40:20,38,Amendement sur la mobilité tarifaire pour les véhicules polluants
2024-02-01,,Conseil communal - 1er février 2024,55,1:40:20,1:41:11,51,Vote
2024-02-01,,Conseil communal - 1er février 2024,56,1:41:11,1:41:40,29,Amendement sur le partage des voitures
2024-02-01,,Conseil communal - 1er février 2024,57,1:41:40,1:42:40,60,Clarifications de M. Gonthier (da.)
2024-02-01,,Conseil communal - 1er février 2024,58,1:42:40,1:43:14,34,Vote
2024-02-01,,Conseil communal - 1er février 2024,59,1:43:14,1:44:14,60,Amendement sur un changement de carte
2024-02-01,,Conseil communal - 1er février 2024,60,1:44:14,1:48:40,266,Explications de M. Schobinger (UDC)
2024-02-01,,Conseil communal - 1er février 2024,61,1:48:40,1:49:11,31,Amendement sur le renforcement de l'attractivité de la promenade le long des quais
2024-02-01,,Conseil communal - 1er février 2024,62,1:49:11,1:51:49,158,Proposition d'amendement de Mme Vincent (Les Vert - e - s)
2024-02-01,,Conseil communal - 1er février 2024,63,1:51:49,1:56:44,295,Diverses prises de parole
2024-02-01,,Conseil communal - 1er février 2024,64,1:56:44,1:57:15,31,Vote
2024-02-01,,Conseil communal - 1er février 2024,65,1:57:15,1:57:41,26,Demande de recomptage du vote par M. Rizzello (LCVL)
2024-02-01,,Conseil communal - 1er février 2024,66,1:57:41,2:00:25,164,Vote
2024-02-01,,Conseil communal - 1er février 2024,67,2:00:25,2:00:58,33,Amendement sur la réduction de la consommation d'électricité
2024-02-01,,Conseil communal - 1er février 2024,68,2:00:58,2:01:21,23,Vote
2024-02-01,,Conseil communal - 1er février 2024,69,2:01:21,2:01:55,34,Amendement sur l'éclairage décoratif des bâtiments
2024-02-01,,Conseil communal - 1er février 2024,70,2:01:55,2:02:17,22,Vote
2024-02-01,,Conseil communal - 1er février 2024,71,2:02:17,2:02:40,23,Amendement sur une taxe sur la distribution d'énergie non-renouvelable
2024-02-01,,Conseil communal - 1er février 2024,72,2:02:40,2:03:51,71,Proposition d'amendement de M. Schobinger (UDC)
2024-02-01,,Conseil communal - 1er février 2024,73,2:03:51,2:05:08,77,Prise de parole de M. Gonthier (da.)
2024-02-01,,Conseil communal - 1er février 2024,74,2:05:08,2:05:43,35,Prise de parole de M. Herminjard (PLR)
2024-02-01,,Conseil communal - 1er février 2024,75,2:05:43,2:07:35,112,Vote sur l'amendement de M. Schobinger (UDC)
2024-02-01,,Conseil communal - 1er février 2024,76,2:07:35,2:08:27,52,Amendement sur le turbinage de la Veveyse
2024-02-01,,Conseil communal - 1er février 2024,77,2:08:27,2:08:55,28,Vote sur les amendements approuvés par la commission
2024-02-01,,Conseil communal - 1er février 2024,78,2:08:55,2:15:43,408,Parole aux groupes
2024-02-01,,Conseil communal - 1er février 2024,79,2:15:43,2:16:43,60,Vote sur le Plan Directeur Communal (PDCom)
2024-02-01,,Conseil communal - 1er février 2024,80,2:16:43,2:16:49,6,(10) Réponse aux interpellations
2024-02-01,,Conseil communal - 1er février 2024,81,2:16:49,2:17:12,23,"(10.1) Interpellations de Mmes Marques (PLR) : ""Insécurité à la Place de la Gare et environs ... ça suffit !"" et Dohr (VL) : ""Vevey - Riponne, drogues et toxicomanie, que fait ASR et la Municipalité?"""
2024-02-01,,Conseil communal - 1er février 2024,82,2:17:12,2:19:52,160,Voeu de Mme Marques (PLR)
2024-02-01,,Conseil communal - 1er février 2024,83,2:19:52,2:20:22,30,Question de Mme Iamartino (PLR)
2024-02-01,,Conseil communal - 1er février 2024,84,2:20:22,2:26:06,344,Questions de Mme Dohr (VL)
2024-02-01,,Conseil communal - 1er février 2024,85,2:26:06,2:42:48,1002,Diverses prises de parole
2024-02-01,,Conseil communal - 1er février 2024,86,2:42:48,2:44:14,86,Résolution déposée par Mme Dohr (VL)
2024-02-01,,Conseil communal - 1er février 2024,87,2:44:14,2:49:54,340,Diverses prises de parole
2024-02-01,,Conseil communal - 1er février 2024,88,2:49:54,2:51:49,115,Vote
2024-02-01,,Conseil communal - 1er février 2024,89,2:51:49,2:55:51,242,"(10.2) Interpellation de M. Bertschy (PLR), intitulée ""Publicité commerciale et autres ..."""
2024-02-01,,Conseil communal - 1er février 2024,90,2:55:51,3:00:12,261,Prise de parole de M. Gülcü (LCVL)
2024-02-01,,Conseil communal - 1er février 2024,91,3:00:12,3:00:44,32,(11) Communications de la Municipalité
2024-02-01,,Conseil communal - 1er février 2024,92,3:00:44,3:01:25,41,(11.1) Ouverture compte d'attente financement études complémentaires projet piétonnisation rue J.-J. Rousseau et réaménagement surface
2024-02-01,,Conseil communal - 1er février 2024,93,3:01:25,3:01:45,20,Fin de la séance
2024-03-14,,Conseil communal - 14 mars 2024,5,0:00,7:25,445,Début de la séance
2024-03-14,,Conseil communal - 14 mars 2024,6,7:25,13:05,340,(1) Appel
2024-03-14,,Conseil communal - 14 mars 2024,7,13:05,13:09,4,(2) Adoption de l'ordre du jour
2024-03-14,,Conseil communal - 14 mars 2024,8,13:09,23:50,641,Diverses prises de parole et réponse
2024-03-14,,Conseil communal - 14 mars 2024,9,23:50,25:49,119,Vote sur l'amendement de M. Christen (VL)
2024-03-14,,Conseil communal - 14 mars 2024,10,25:49,26:07,18,Vote sur l'ordre du jour
2024-03-14,,Conseil communal - 14 mars 2024,11,26:07,27:57,110,(4) Adoption du PV de la séance du 1er février 2024
2024-03-14,,Conseil communal - 14 mars 2024,12,27:57,28:18,21,Vote
2024-03-14,,Conseil communal - 14 mars 2024,13,28:18,28:39,21,(7) Information au Conseil communal au sujet des organismes intercommunaux
2024-03-14,,Conseil communal - 14 mars 2024,14,28:39,30:47,128,Questions de Mme Iamartino (PLR) et réponses de Mme Kämpf (Municipale)
2024-03-14,,Conseil communal - 14 mars 2024,15,30:47,32:41,114,(3) Communications du Bureau et correspondance
2024-03-14,,Conseil communal - 14 mars 2024,16,32:41,32:42,1,"(8) Reliquat : Interpellations, motions, postulats, projets de règlement"
2024-03-14,,Conseil communal - 14 mars 2024,17,32:42,37:49,307,(8.1) Interpellation de Mme Zonca (Les Vert-e-s) : «Des bouteilles de vin lavables pour les Caves de la Ville de Vevey»
2024-03-14,,Conseil communal - 14 mars 2024,18,37:49,40:48,179,Réponse de M. Imhof (Municipal)
2024-03-14,,Conseil communal - 14 mars 2024,19,40:48,44:28,220,(8.2) Interpellation de MM. Christen (VL) et Ansermet (PS) : «Revenir à la raison et réaliser un centre sportif à La Veyre Derrey»
2024-03-14,,Conseil communal - 14 mars 2024,20,44:28,45:54,86,(9) Préavis / Rapports-préavis
2024-03-14,,Conseil communal - 14 mars 2024,21,45:54,46:56,62,(9.1) Demande d’adoption projet de sécurisation boulevard d’Arcangier et réaménagement de surface
2024-03-14,,Conseil communal - 14 mars 2024,22,46:56,47:49,53,(9.2) Demande d’adoption projet de réaménagement avenue Nestlé Ouest et Savoie
2024-03-14,,Conseil communal - 14 mars 2024,23,47:49,48:41,52,"(9.3) Demande crédit d’étude projet jeux d’eau du Jardin Doret, réaménagement des quais, rénovation place de jeux et aménagement accès au Léman"
2024-03-14,,Conseil communal - 14 mars 2024,24,48:41,49:25,44,"(9.4) Demande crédit d’étude pour rénovation immeuble locatif, propriété communale «Simplon 31»"
2024-03-14,,Conseil communal - 14 mars 2024,25,49:25,50:43,78,(9.5) Etat de l’étude des motions et postulats en suspens et demandes de prolongation de délais
2024-03-14,,Conseil communal - 14 mars 2024,26,50:43,51:31,48,(10) Rapports des commissions
2024-03-14,,Conseil communal - 14 mars 2024,27,51:31,52:43,72,(10.1) Crédits supplémentaires au budget communal 2023 - 2e série
2024-03-14,,Conseil communal - 14 mars 2024,28,52:43,53:11,28,Vote
2024-03-14,,Conseil communal - 14 mars 2024,29,53:11,57:14,243,(10.2) Adoption du PA «Les Moulins» et de la servitude de passage public à pied et à vélo
2024-03-14,,Conseil communal - 14 mars 2024,30,57:14,1:06:04,530,Amendement de M. Christen (VL)
2024-03-14,,Conseil communal - 14 mars 2024,31,1:06:04,1:07:44,100,Amendement sur les constructions existantes
2024-03-14,,Conseil communal - 14 mars 2024,32,1:07:44,1:08:15,31,Vote
2024-03-14,,Conseil communal - 14 mars 2024,33,1:08:15,1:09:05,50,Amendement de M. Christen (VL)
2024-03-14,,Conseil communal - 14 mars 2024,34,1:09:05,1:10:16,71,Réponse de M. Dormond (Municipal)
2024-03-14,,Conseil communal - 14 mars 2024,35,1:10:16,1:10:58,42,Amendement retiré par M. Christen (VL)
2024-03-14,,Conseil communal - 14 mars 2024,36,1:10:58,1:11:26,28,"Deux amendements sur l'accès, la circulation et le stationnement"
2024-03-14,,Conseil communal - 14 mars 2024,37,1:11:26,1:13:36,130,Votes
2024-03-14,,Conseil communal - 14 mars 2024,38,1:13:36,1:18:52,316,Amendement sur les cases de stationnement
2024-03-14,,Conseil communal - 14 mars 2024,39,1:18:52,1:20:18,86,Vote sur la proposition de M. Gonthier (da.)
2024-03-14,,Conseil communal - 14 mars 2024,40,1:20:18,1:20:43,25,Amendement sur la biodiversité
2024-03-14,,Conseil communal - 14 mars 2024,41,1:20:43,1:21:03,20,Vote
2024-03-14,,Conseil communal - 14 mars 2024,42,1:21:03,1:26:25,322,Amendement de M. El Khalifa (Les Vert-e-s)
2024-03-14,,Conseil communal - 14 mars 2024,43,1:26:25,1:28:47,142,Vote
2024-03-14,,Conseil communal - 14 mars 2024,44,1:28:47,1:39:23,636,Vote sur les conclusions du préavis
2024-03-14,,Conseil communal - 14 mars 2024,46,1:39:23,1:56:34,1031,Parole aux groupes
2024-03-14,,Conseil communal - 14 mars 2024,47,1:56:34,2:03:16,402,Réponse de M. Dormond (Municipal)
2024-03-14,,Conseil communal - 14 mars 2024,48,2:03:16,2:07:53,277,Votes de principe sur les contre-propositions du rapport de minorité A et B
2024-03-14,,Conseil communal - 14 mars 2024,49,2:07:53,2:09:29,96,Amendement sur les affectations
2024-03-14,,Conseil communal - 14 mars 2024,50,2:09:29,2:09:52,23,Vote
2024-03-14,,Conseil communal - 14 mars 2024,51,2:09:52,2:10:45,53,Amendement sur les arbres et prairies
2024-03-14,,Conseil communal - 14 mars 2024,52,2:10:45,2:11:12,27,Vote
2024-03-14,,Conseil communal - 14 mars 2024,53,2:11:12,2:12:18,66,Amendement sur le stationnement des véhicules automobiles et des deux roues motorisés
2024-03-14,,Conseil communal - 14 mars 2024,54,2:12:18,2:12:40,22,Vote
2024-03-14,,Conseil communal - 14 mars 2024,55,2:12:40,2:13:33,53,Amendement sur l'économie d'énergie
2024-03-14,,Conseil communal - 14 mars 2024,56,2:13:33,2:15:52,139,Vote
2024-03-14,,Conseil communal - 14 mars 2024,57,2:15:52,2:16:19,27,Vote sur les conclusions du préavis
2024-03-14,,Conseil communal - 14 mars 2024,58,2:16:19,2:25:23,544,Interruption de séance
2024-03-14,,Conseil communal - 14 mars 2024,59,2:25:23,2:31:50,387,(10.4) Adoption du PA «Rue de Fribourg» et son règlement et rapport de minorité
2024-03-14,,Conseil communal - 14 mars 2024,60,2:31:50,2:41:16,566,Diverses prises de parole
2024-03-14,,Conseil communal - 14 mars 2024,61,2:41:16,2:42:41,85,Réponse de M. Dormond (Municipal)
2024-03-14,,Conseil communal - 14 mars 2024,62,2:42:41,2:43:20,39,Amendement sur les affectations
2024-03-14,,Conseil communal - 14 mars 2024,63,2:43:20,2:43:47,27,Vote
2024-03-14,,Conseil communal - 14 mars 2024,64,2:43:47,2:58:06,859,Amendement de M. Chiffelle (da.) et réponse de M. Dormond (Municipal)
2024-03-14,,Conseil communal - 14 mars 2024,65,2:58:06,2:58:27,21,Vote
2024-03-14,,Conseil communal - 14 mars 2024,66,2:58:27,3:01:12,165,Amendement de la commission et amendement de M. Chiffelle (art. 9)
2024-03-14,,Conseil communal - 14 mars 2024,67,3:01:12,3:02:24,72,Votes sur les amendements
2024-03-14,,Conseil communal - 14 mars 2024,68,3:02:24,3:02:58,34,Amendement sur les aires d'aménagement de coeur d'îlot
2024-03-14,,Conseil communal - 14 mars 2024,69,3:02:58,3:04:11,73,Précisions de M. Gonthier (da.)
2024-03-14,,Conseil communal - 14 mars 2024,70,3:04:11,3:04:29,18,Vote
2024-03-14,,Conseil communal - 14 mars 2024,71,3:04:29,3:04:52,23,Amendement sur la végétalisation
2024-03-14,,Conseil communal - 14 mars 2024,72,3:04:52,3:05:12,20,Vote
2024-03-14,,Conseil communal - 14 mars 2024,73,3:05:12,3:06:19,67,Amendement sur le stationnement public
2024-03-14,,Conseil communal - 14 mars 2024,74,3:06:19,3:06:34,15,Vote
2024-03-14,,Conseil communal - 14 mars 2024,75,3:06:34,3:07:30,56,Amendement sur l'économie d'énergie
2024-03-14,,Conseil communal - 14 mars 2024,76,3:07:30,3:08:29,59,Prise de parole de M. Gonthier (da.)
2024-03-14,,Conseil communal - 14 mars 2024,77,3:08:29,3:10:01,92,Vote
2024-03-14,,Conseil communal - 14 mars 2024,78,3:10:01,3:12:10,129,(10.5) Demande crédit d’ouvrage transformation du bâtiment «La Cheneau» à Château-d’Oex
2024-03-14,,Conseil communal - 14 mars 2024,79,3:12:10,3:38:06,1556,Diverses prises de parole et réponses de municipaux
2024-03-14,,Conseil communal - 14 mars 2024,80,3:38:06,3:38:36,30,Vote
2024-03-14,,Conseil communal - 14 mars 2024,81,3:38:36,3:39:29,53,Prise de parole de M. Molliat (VL)
2024-03-14,,Conseil communal - 14 mars 2024,82,3:39:29,3:40:07,38,Réponse de M. Molliat (Municipal)
2024-03-14,,Conseil communal - 14 mars 2024,83,3:40:07,3:40:49,42,Information de Mme Willommet (Municipale)
2024-03-14,,Conseil communal - 14 mars 2024,84,3:40:49,3:42:51,122,Précision de M. Luccarini (Syndic)
2024-03-14,,Conseil communal - 14 mars 2024,85,3:42:51,3:44:18,87,"(10.6) Demande crédit financer démarche participative, aménagement temporaire et organisation mandats études parallèles pour réaménagement place Robin"
2024-03-14,,Conseil communal - 14 mars 2024,86,3:44:18,3:48:38,260,Amendement de Mme Marques (PLR)
2024-03-14,,Conseil communal - 14 mars 2024,87,3:48:38,3:55:36,418,Amendement de M. Molliat (VL)
2024-03-14,,Conseil communal - 14 mars 2024,88,3:55:36,3:56:24,48,Votes sur les amendements A et B
2024-03-14,,Conseil communal - 14 mars 2024,89,3:56:24,3:56:54,30,Vote sur les conclusions du préavis
2024-03-14,,Conseil communal - 14 mars 2024,90,3:56:54,4:02:00,306,"(10.7) Demande crédits et autorisations achat du bien-fonds N°314 et études de rénovation bâtiment rue des Moulins 11, propriété de la SCH «Charmontey»"
2024-03-14,,Conseil communal - 14 mars 2024,91,4:02:00,4:02:19,19,Vote de l'amendement technique
2024-03-14,,Conseil communal - 14 mars 2024,92,4:02:19,4:03:02,43,Vote sur les conclusions du préavis
2024-03-14,,Conseil communal - 14 mars 2024,93,4:03:02,4:04:43,101,(10.8) Demande de crédit supplémentaire financement accueil scolaire de migrant·e·s bâtiment Nestlé à Plan-Dessus
2024-03-14,,Conseil communal - 14 mars 2024,94,4:04:43,4:05:37,54,Amendement technique de M. Gonthier (da.)
2024-03-14,,Conseil communal - 14 mars 2024,95,4:05:37,4:05:48,11,Vote de l'amendement technique
2024-03-14,,Conseil communal - 14 mars 2024,96,4:05:48,4:07:40,112,Vote sur les conclusions du préavis
2024-03-14,,Conseil communal - 14 mars 2024,97,4:07:40,4:08:20,40,Fin de la séance
2024-05-02,,Conseil communal - 2 mai 2024,5,0:00,0:25,25,Début de la séance
2024-05-02,,Conseil communal - 2 mai 2024,6,0:25,4:55,270,(1) Appel
2024-05-02,,Conseil communal - 2 mai 2024,7,4:55,5:38,43,(2) Adoption de l'ordre du jour
2024-05-02,,Conseil communal - 2 mai 2024,8,5:38,9:30,232,Communications du Bureau et correspondance
2024-05-02,,Conseil communal - 2 mai 2024,9,9:30,11:20,110,Prise de parole de M. Gonthier (da.)
2024-05-02,,Conseil communal - 2 mai 2024,10,11:20,11:34,14,(4) Adoption du procès-verbal de la séance du 14 mars 2024
2024-05-02,,Conseil communal - 2 mai 2024,11,11:34,14:19,165,Diverses prises de parole
2024-05-02,,Conseil communal - 2 mai 2024,12,14:19,14:57,38,Vote
2024-05-02,,Conseil communal - 2 mai 2024,13,14:57,14:58,1,(5) Prestation de serment
2024-05-02,,Conseil communal - 2 mai 2024,14,14:58,17:04,126,"(5.1) En remplacement de M. Sthioul (da.), démissionnaire"
2024-05-02,,Conseil communal - 2 mai 2024,15,17:04,19:53,169,(7) Information au Conseil communal au sujet des organismes intercommunaux
2024-05-02,,Conseil communal - 2 mai 2024,16,19:53,20:56,63,Question de Mme Dohr (VL)
2024-05-02,,Conseil communal - 2 mai 2024,17,20:56,20:57,1,"(8) Reliquats : Réponse aux interpellations, communication, postulats"
2024-05-02,,Conseil communal - 2 mai 2024,18,20:57,26:04,307,"(8.1) Interpellation de M. Herminjard (PLR) : « Estimations fiscales immobilières, pourquoi jouer à Arnold von Winkelried »"
2024-05-02,,Conseil communal - 2 mai 2024,19,26:04,37:05,661,Diverses prises de parole
2024-05-02,,Conseil communal - 2 mai 2024,20,37:05,37:43,38,Réponse de M. Herminjard (PLR) à M. Colin (da.)
2024-05-02,,Conseil communal - 2 mai 2024,21,37:43,37:56,13,(8.2) Copet 1 - Augmentation du montant du compte d'attente N° 9143.269.04
2024-05-02,,Conseil communal - 2 mai 2024,22,37:56,43:17,321,(8.3) Postulat de M. Bertschy (VL) : « La complémentarité de l’offre publique-privée au service de l’accueil préscolaire »
2024-05-02,,Conseil communal - 2 mai 2024,23,43:17,48:34,317,Réponse de Mme Willommet (Municipale)
2024-05-02,,Conseil communal - 2 mai 2024,24,48:34,1:03:30,896,Diverses prises de parole
2024-05-02,,Conseil communal - 2 mai 2024,25,1:03:30,1:07:10,220,Réponse de M. Bertschy (VL)
2024-05-02,,Conseil communal - 2 mai 2024,26,1:07:10,1:09:10,120,Vote
2024-05-02,,Conseil communal - 2 mai 2024,27,1:09:10,1:09:28,18,(9) Préavis / Rapports-préavis
2024-05-02,,Conseil communal - 2 mai 2024,28,1:09:28,1:09:40,12,(9.1) Gestion et comptes 2023 de la CIEHL
2024-05-02,,Conseil communal - 2 mai 2024,29,1:09:40,1:09:47,7,(9.2) Comptes 2023 du FCR
2024-05-02,,Conseil communal - 2 mai 2024,30,1:09:47,1:09:52,5,"(9.3) Rapport de gestion de la Municipalité, exercice 2023 (document en cours de finalisation)"
2024-05-02,,Conseil communal - 2 mai 2024,31,1:09:52,1:09:58,6,(9.4) Comptes communaux de 2023
2024-05-02,,Conseil communal - 2 mai 2024,32,1:09:58,1:10:44,46,(9.5) Le jardin de Demetan : création et exploitation d’un jardin d’enfants
2024-05-02,,Conseil communal - 2 mai 2024,33,1:10:44,1:11:24,40,(9.6) Tarification du quartier de Plan-Dessus : demande de crédit achat et pose d'horodateurs
2024-05-02,,Conseil communal - 2 mai 2024,34,1:11:24,1:12:05,41,(9.7) Demande crédit remplacement revêtement et éclairage terrain de football de Copet 1
2024-05-02,,Conseil communal - 2 mai 2024,35,1:12:05,1:12:57,52,(9.8) Ajustements et améliorations des indemnités et des modalités de travail au sein du Conseil communal
2024-05-02,,Conseil communal - 2 mai 2024,36,1:12:57,1:13:01,4,(10) Rapport des commissions
2024-05-02,,Conseil communal - 2 mai 2024,37,1:13:01,1:14:49,108,"(10.1) Demande d’adoption, en application de la LRou, projet de sécurisation du boulevard d’Arcangier et réaménagement de surface"
2024-05-02,,Conseil communal - 2 mai 2024,38,1:14:49,1:33:20,1111,Diverses prises de parole et réponses de M. Dormond (Municipal)
2024-05-02,,Conseil communal - 2 mai 2024,39,1:33:20,1:34:46,86,Réponse de M. Imhof (Municipal)
2024-05-02,,Conseil communal - 2 mai 2024,40,1:34:46,1:35:10,24,Vote
2024-05-02,,Conseil communal - 2 mai 2024,41,1:35:10,1:36:56,106,"(10.2) Demande d’adoption, en application de la LRou, projet réaménagement avenue Nestlé Ouest et Savoie"
2024-05-02,,Conseil communal - 2 mai 2024,42,1:36:56,1:49:08,732,Diverses prises de parole et réponse de M. Dormond (Municipal)
2024-05-02,,Conseil communal - 2 mai 2024,43,1:49:08,1:49:30,22,Vote
2024-05-02,,Conseil communal - 2 mai 2024,44,1:49:30,1:53:45,255,"(10.3) Demande crédit d’étude projet jeux d’eau du Jardin Doret, réaménagement des quais, rénovation de la place de jeux et aménagement d’un accès au Léman"
2024-05-02,,Conseil communal - 2 mai 2024,45,1:53:45,1:54:17,32,Question de M. Schobinger (UDC)
2024-05-02,,Conseil communal - 2 mai 2024,46,1:54:17,2:00:40,383,Diverses prises de parole
2024-05-02,,Conseil communal - 2 mai 2024,47,2:00:40,2:04:27,227,Eclaircissements de Mme Lopez (da.)
2024-05-02,,Conseil communal - 2 mai 2024,48,2:04:27,2:06:11,104,Clarifications de M. Imhof (Municipal)
2024-05-02,,Conseil communal - 2 mai 2024,49,2:06:11,2:15:08,537,Diverses prises de parole
2024-05-02,,Conseil communal - 2 mai 2024,50,2:15:08,2:16:08,60,Vote sur l'amendement des Vert - e - s
2024-05-02,,Conseil communal - 2 mai 2024,51,2:16:08,2:16:32,24,Vote sur l'amendement de la commission
2024-05-02,,Conseil communal - 2 mai 2024,52,2:16:32,2:16:57,25,Vote sur les conclusions du préavis telles qu'amendées
2024-05-02,,Conseil communal - 2 mai 2024,53,2:16:57,2:18:52,115,"(10.4) Demande crédit d’étude rénovation immeuble locatif, propriété communale « Simplon 31 »"
2024-05-02,,Conseil communal - 2 mai 2024,54,2:18:52,2:20:04,72,Prise de parole de Mme Carteron (VL)
2024-05-02,,Conseil communal - 2 mai 2024,55,2:20:04,2:20:30,26,Vote
2024-05-02,,Conseil communal - 2 mai 2024,56,2:20:30,2:23:22,172,(10.5) Etat de l’étude des motions et postulats en suspens et demandes de prolongation de délais
2024-05-02,,Conseil communal - 2 mai 2024,57,2:23:22,2:25:17,115,Prise de parole de M. Bertschy (VL)
2024-05-02,,Conseil communal - 2 mai 2024,58,2:25:17,2:27:05,108,Réponse de Mme Melchior (Municipale)
2024-05-02,,Conseil communal - 2 mai 2024,59,2:27:05,2:28:23,78,Prise de parole de M. Bonjour (VL)
2024-05-02,,Conseil communal - 2 mai 2024,60,2:28:23,2:28:59,36,Prise de parole de M. Bertschy (VL)
2024-05-02,,Conseil communal - 2 mai 2024,61,2:28:59,2:29:24,25,Vote sur l'amendement de la commission
2024-05-02,,Conseil communal - 2 mai 2024,62,2:29:24,2:30:02,38,Vote sur les conclusions du préavis telles qu'amendées
2024-05-02,,Conseil communal - 2 mai 2024,63,2:30:02,2:30:03,1,(11) Réponses aux interpellations
2024-05-02,,Conseil communal - 2 mai 2024,64,2:30:03,2:33:05,182,(11.1) Interpellation de Mme Zonca (Les Vert - e - s) : « Des bouteilles de vin lavables pour les Caves de la Ville de Vevey »
2024-05-02,,Conseil communal - 2 mai 2024,65,2:33:05,2:35:29,144,Prise de parole de M. Herminjard (PLR)
2024-05-02,,Conseil communal - 2 mai 2024,66,2:35:29,2:42:10,401,(11.2) Interpellation de MM. Christen et Ansermet : « Revenir à la raison et réaliser un centre sportif à La Veyre Derrey »
2024-05-02,,Conseil communal - 2 mai 2024,67,2:42:10,2:44:32,142,Prise de parole de M. Schobinger (UDC)
2024-05-02,,Conseil communal - 2 mai 2024,68,2:44:32,2:50:19,347,Explications et question de M. Ansermet (PS)
2024-05-02,,Conseil communal - 2 mai 2024,69,2:50:19,2:57:17,418,Projet de résolution de M. Lavanchy (da.)
2024-05-02,,Conseil communal - 2 mai 2024,70,2:57:17,3:16:45,1168,Diverses prises de parole
2024-05-02,,Conseil communal - 2 mai 2024,71,3:16:45,3:18:44,119,Vote sur la résolution de M. Lavanchy (da.)
2024-05-02,,Conseil communal - 2 mai 2024,72,3:18:44,3:18:45,1,(12) Communications de la Municipalité
2024-05-02,,Conseil communal - 2 mai 2024,73,3:18:45,3:19:11,26,"(12.1) Ouverture compte d’attente étude de faisabilité acquisition et aménagement structure d’accueil préscolaire de 44 places parcelle 726, rue de la Valsainte 3&5"
2024-05-02,,Conseil communal - 2 mai 2024,74,3:19:11,3:19:18,7,(12.2) Ouverture compte d’attente financement études nécessaires élaboration vision directrice secteur Entrée de ville Ouest en vue des futurs travaux requalification espaces publics
2024-05-02,,Conseil communal - 2 mai 2024,75,3:19:18,3:19:22,4,(12.3) 3 MCH2 - Situation actuelle et à venir
2024-05-02,,Conseil communal - 2 mai 2024,76,3:19:22,3:19:47,25,Question de Mme Dohr (VL)
2024-05-02,,Conseil communal - 2 mai 2024,77,3:19:47,3:20:35,48,Réponse de M. Luccarini (Syndic)
2024-05-02,,Conseil communal - 2 mai 2024,78,3:20:35,3:20:38,3,(12.4) Communication sur l'affaire Lionel Girardin
2024-05-02,,Conseil communal - 2 mai 2024,79,3:20:38,3:21:16,38,Remarque et question de M. Pilloud (UDC)
2024-05-02,,Conseil communal - 2 mai 2024,80,3:21:16,3:23:31,135,Réponse de M. Luccarini (Syndic)
2024-05-02,,Conseil communal - 2 mai 2024,81,3:23:31,3:26:43,192,(13) point développé lors de la prochaine séance
2024-05-02,,Conseil communal - 2 mai 2024,82,3:26:43,3:38:14,691,"(14) Questions voeux, propositions individuelles"
2024-05-02,,Conseil communal - 2 mai 2024,83,3:38:14,3:38:21,7,Fin de la séance
2024-06-13,,Conseil communal - 13 juin 2024,5,0:00,9:06,546,Début de la séance
2024-06-13,,Conseil communal - 13 juin 2024,6,9:06,13:57,291,(1) Appel
2024-06-13,,Conseil communal - 13 juin 2024,7,13:57,13:58,1,(2) Adoption de l'ordre du jour
2024-06-13,,Conseil communal - 13 juin 2024,8,13:58,15:34,96,(2.1) Adoption de l'ordre du jour des séances des 13 et 20 juin 2024 (séance de relevé)
2024-06-13,,Conseil communal - 13 juin 2024,9,15:34,15:35,1,(5) -
2024-06-13,,Conseil communal - 13 juin 2024,10,15:35,15:38,3,(6) -
2024-06-13,,Conseil communal - 13 juin 2024,11,15:38,15:39,1,(4) Adoption du procès-verbal
2024-06-13,,Conseil communal - 13 juin 2024,12,15:39,15:55,16,(4.1) Adoption du procès-verbal de la séance du 2 mai 2024
2024-06-13,,Conseil communal - 13 juin 2024,13,15:55,16:43,48,Vote
2024-06-13,,Conseil communal - 13 juin 2024,14,16:43,17:40,57,(3) Communications du Bureau et correspondance
2024-06-13,,Conseil communal - 13 juin 2024,15,17:40,18:06,26,(7) Elections du Bureau du Conseil 2024-2025
2024-06-13,,Conseil communal - 13 juin 2024,16,18:06,19:59,113,(7.1) Présidence
2024-06-13,,Conseil communal - 13 juin 2024,17,19:59,21:28,89,(7.2) 1re vice-présidence
2024-06-13,,Conseil communal - 13 juin 2024,18,21:28,22:29,61,(7.3) 2e vice-présidence
2024-06-13,,Conseil communal - 13 juin 2024,19,22:29,24:16,107,(7.4 et 7.5) Scrutateurs et suppléants
2024-06-13,,Conseil communal - 13 juin 2024,20,24:16,24:28,12,(8) Information au Conseil communal au sujet des organismes intercommunaux
2024-06-13,,Conseil communal - 13 juin 2024,21,24:28,26:46,138,(9) Préavis/Rapports-préavis
2024-06-13,,Conseil communal - 13 juin 2024,22,26:46,26:47,1,(10) Rapports des commissions
2024-06-13,,Conseil communal - 13 juin 2024,23,26:47,28:07,80,(10.1) Gestion et comptes 2023 de la CIEHL
2024-06-13,,Conseil communal - 13 juin 2024,24,28:07,28:31,24,Vote
2024-06-13,,Conseil communal - 13 juin 2024,25,28:31,29:30,59,(10.2) Comptes 2023 du FCR
2024-06-13,,Conseil communal - 13 juin 2024,26,29:30,29:54,24,Vote
2024-06-13,,Conseil communal - 13 juin 2024,27,29:54,33:07,193,"(10.3) Commission de gestion - rapport général, voeux et rapport des sous-commissions..."
2024-06-13,,Conseil communal - 13 juin 2024,28,33:07,33:08,1,"Bureau de l'économie, du tourisme et des vignes"
2024-06-13,,Conseil communal - 13 juin 2024,29,33:08,33:55,47,Question de M. Gonthier (da.)
2024-06-13,,Conseil communal - 13 juin 2024,30,33:55,34:49,54,Réponse de M. Imhof (Municipal)
2024-06-13,,Conseil communal - 13 juin 2024,31,34:49,34:50,1,Bureau de la durabilité
2024-06-13,,Conseil communal - 13 juin 2024,32,34:50,35:56,66,Prise de parole de M. C. Wahli (Les Vert - e - s)
2024-06-13,,Conseil communal - 13 juin 2024,33,35:56,36:53,57,Réponse de Mme Kämpf (Municipale)
2024-06-13,,Conseil communal - 13 juin 2024,34,36:53,37:56,63,Prise de parole et questions de Mme Von Gunten (Les Vert - e - s)
2024-06-13,,Conseil communal - 13 juin 2024,35,37:56,39:27,91,Réponse de Mme Kämpf (Municipale)
2024-06-13,,Conseil communal - 13 juin 2024,36,39:27,39:28,1,Secrétariat général
2024-06-13,,Conseil communal - 13 juin 2024,37,39:28,40:59,91,Questions de M. Gonthier (da.)
2024-06-13,,Conseil communal - 13 juin 2024,38,40:59,42:57,118,Réponse de M. Dormond (Municipal)
2024-06-13,,Conseil communal - 13 juin 2024,39,42:57,44:09,72,Réponse de M. Luccarini (Syndic)
2024-06-13,,Conseil communal - 13 juin 2024,40,44:09,45:12,63,Réponse de M. Imhof (Municipal)
2024-06-13,,Conseil communal - 13 juin 2024,41,45:12,45:49,37,Question de M. Molliat (VL)
2024-06-13,,Conseil communal - 13 juin 2024,42,45:49,47:54,125,Réponse de M. Luccarini (Syndic)
2024-06-13,,Conseil communal - 13 juin 2024,43,47:54,48:18,24,Question de M. Molliat (VL)
2024-06-13,,Conseil communal - 13 juin 2024,44,48:18,51:30,192,Réponse de M. Luccarini (Syndic)
2024-06-13,,Conseil communal - 13 juin 2024,45,51:30,52:55,85,Vote sur le rapport de gestion
2024-06-13,,Conseil communal - 13 juin 2024,46,52:55,1:21:23,1708,(10.4) Comptes communaux de l'exercice 2023
2024-06-13,,Conseil communal - 13 juin 2024,47,1:21:23,1:23:16,113,Conclusions du rapport sur les comptes communaux de l'exercice 2023
2024-06-13,,Conseil communal - 13 juin 2024,48,1:23:16,1:23:17,1,Parole aux groupes
2024-06-13,,Conseil communal - 13 juin 2024,49,1:23:17,1:27:13,236,M. Christen (VL)
2024-06-13,,Conseil communal - 13 juin 2024,50,1:27:13,1:28:50,97,M. Schobinger (UDC)
2024-06-13,,Conseil communal - 13 juin 2024,51,1:28:50,1:29:41,51,M. Butty (PS)
2024-06-13,,Conseil communal - 13 juin 2024,52,1:29:41,1:32:33,172,Mme Marques (PLR)
2024-06-13,,Conseil communal - 13 juin 2024,53,1:32:33,1:33:07,34,Mme Carruzzo Evéquoz (Les Vert - e - s)
2024-06-13,,Conseil communal - 13 juin 2024,54,1:33:07,1:37:44,277,M. Lavanchy (da.)
2024-06-13,,Conseil communal - 13 juin 2024,55,1:37:44,1:37:45,1,Secteur Famille
2024-06-13,,Conseil communal - 13 juin 2024,56,1:37:45,1:38:55,70,Prise de parole de M. Gonthier (da.)
2024-06-13,,Conseil communal - 13 juin 2024,57,1:38:55,1:40:57,122,Réponse de Mme Dohr (VL)
2024-06-13,,Conseil communal - 13 juin 2024,58,1:40:57,1:43:04,127,Vote sur les comptes
2024-06-13,,Conseil communal - 13 juin 2024,59,1:43:04,1:45:31,147,(10.5) Le jardin de Demetan : création et exploitation d’un jardin d’enfants intégré au sein du Réseau VV. Demande d’un crédit supplémentaire...
2024-06-13,,Conseil communal - 13 juin 2024,60,1:45:31,1:47:13,102,Prise de parole de M. Gonthier (da.)
2024-06-13,,Conseil communal - 13 juin 2024,61,1:47:13,1:48:59,106,Vote sur l'amendement de M. Gonthier (da.)
2024-06-13,,Conseil communal - 13 juin 2024,62,1:48:59,1:50:38,99,Vote sur les conclusions telles qu'amendées
2024-06-13,,Conseil communal - 13 juin 2024,63,1:50:38,1:50:49,11,(10.6) Tarification du quartier de Plan-Dessus : achat et pose d'horodateurs
2024-06-13,,Conseil communal - 13 juin 2024,64,1:50:49,2:06:11,922,Présentation de M. Dormond (Municipal)
2024-06-13,,Conseil communal - 13 juin 2024,65,2:06:11,2:08:13,122,Conclusions du rapport
2024-06-13,,Conseil communal - 13 juin 2024,66,2:08:13,2:40:36,1943,Diverses prises de parole
2024-06-13,,Conseil communal - 13 juin 2024,68,2:40:36,2:56:47,971,Diverses prises de parole
2024-06-13,,Conseil communal - 13 juin 2024,69,2:56:47,2:57:56,69,Réponse de M. Dormond (Municipal)
2024-06-13,,Conseil communal - 13 juin 2024,70,2:57:56,3:00:15,139,Vote sur les conclusions du préavis
2024-06-13,,Conseil communal - 13 juin 2024,71,3:00:15,3:01:51,96,Proposition de référendum spontané de M. Bertschy (PLR)
2024-06-13,,Conseil communal - 13 juin 2024,72,3:01:51,3:02:38,47,Vote sur la proposition de référendum spontané
2024-06-13,,Conseil communal - 13 juin 2024,73,3:02:38,3:03:05,27,Fin de la séance
2024-06-20,,Conseil communal - 20 juin 2024,3,0:00,3:22,202,Début de la séance
2024-06-20,,Conseil communal - 20 juin 2024,4,3:22,8:45,323,(1) Appel
2024-06-20,,Conseil communal - 20 juin 2024,5,8:45,11:04,139,(10.7) Demande de crédit pour remplacement revêtement et éclairage terrain de football de Copet
2024-06-20,,Conseil communal - 20 juin 2024,6,11:04,13:03,119,Prise de parole de Mme Métraux (Les Vert - e - s)
2024-06-20,,Conseil communal - 20 juin 2024,7,13:03,13:36,33,Vote sur les conclusions du préavis
2024-06-20,,Conseil communal - 20 juin 2024,8,13:36,16:30,174,(10.9) Demande de crédit pour la construction d'un collège provisoire sur le site des Galeries du Rivage
2024-06-20,,Conseil communal - 20 juin 2024,9,16:30,19:33,183,Prise de parole de M. Lavanchy (da.)
2024-06-20,,Conseil communal - 20 juin 2024,10,19:33,21:00,87,Proposition d'amendement de Mme Tobler (PLR)
2024-06-20,,Conseil communal - 20 juin 2024,11,21:00,23:19,139,Question de M. Ansermet (PS)
2024-06-20,,Conseil communal - 20 juin 2024,12,23:19,25:41,142,Prise de parole de M. Schobinger (UDC)
2024-06-20,,Conseil communal - 20 juin 2024,13,25:41,26:38,57,Prise de parole de Mme Carruzzo Evéquoz (Les Vert - e - s)
2024-06-20,,Conseil communal - 20 juin 2024,14,26:38,30:46,248,Réponse de M. Molliat (Municipal)
2024-06-20,,Conseil communal - 20 juin 2024,15,30:46,31:10,24,Proposition d'amendement retiré par Mme Tobler (PLR)
2024-06-20,,Conseil communal - 20 juin 2024,16,31:10,32:17,67,Réponse de M. Molliat (Municipal)
2024-06-20,,Conseil communal - 20 juin 2024,17,32:17,32:51,34,Vote sur les conclusions du préavis
2024-06-20,,Conseil communal - 20 juin 2024,18,32:51,36:52,241,(10.8) Ajustements et améliorations des indemnités et des modalités de travail au sein du Conseil communal
2024-06-20,,Conseil communal - 20 juin 2024,19,36:52,37:28,36,Prise de parole de Mme Houriet (PS)
2024-06-20,,Conseil communal - 20 juin 2024,20,37:28,39:36,128,Prise de parole de Mme Lopez (da.)
2024-06-20,,Conseil communal - 20 juin 2024,21,39:36,41:23,107,Questions de Mme Métraux (Les Vert - e - s)
2024-06-20,,Conseil communal - 20 juin 2024,22,41:23,43:14,111,Proposition d'amendement de Mme Pilloud (UDC)
2024-06-20,,Conseil communal - 20 juin 2024,23,43:14,45:25,131,Prise de parole de Mme Dohr (VL)
2024-06-20,,Conseil communal - 20 juin 2024,24,45:25,47:40,135,Réponse de Mme Lopez (da.) à Mme Dohr (VL)
2024-06-20,,Conseil communal - 20 juin 2024,25,47:40,49:45,125,Réponse de M. Luccarini (Syndic)
2024-06-20,,Conseil communal - 20 juin 2024,26,49:45,50:24,39,Prise de parole de Mme Minacci (da.)
2024-06-20,,Conseil communal - 20 juin 2024,27,50:24,51:33,69,Prise de parole de Mme Marques (PLR)
2024-06-20,,Conseil communal - 20 juin 2024,28,51:33,52:02,29,Vote sur l'amendement proposé
2024-06-20,,Conseil communal - 20 juin 2024,29,52:02,52:57,55,Vote sur les conclusions du préavis
2024-06-20,,Conseil communal - 20 juin 2024,30,52:57,53:06,9,(11.1) *point reporté*
2024-06-20,,Conseil communal - 20 juin 2024,31,53:06,53:24,18,(12) Communications de la Municipalité
2024-06-20,,Conseil communal - 20 juin 2024,32,53:24,53:41,17,(12.1) Endettement net et brut — Situation au 31 décembre 2023
2024-06-20,,Conseil communal - 20 juin 2024,33,53:41,53:55,14,(12.2) Adaptation du calendrier de révision des planifications communales en aménagement du territoire
2024-06-20,,Conseil communal - 20 juin 2024,34,53:55,54:12,17,(12.3) Information relative à la clôture définitive du différend opposant la Fondation Lichtensteiger à la Ville de Vevey suite à la fermeture d’urgence de la structure d’accueil Les Petits Pois et la résiliation anticipée de son bail à loyer
2024-06-20,,Conseil communal - 20 juin 2024,35,54:12,57:15,183,Prise de parole de M. Gonthier (da.)
2024-06-20,,Conseil communal - 20 juin 2024,36,57:15,57:23,8,(12.4) Festival Vibiscum 2024 — Rôle de la Ville de Vevey
2024-06-20,,Conseil communal - 20 juin 2024,37,57:23,57:55,32,Questions de M. C. Wahli (Les Vert - e - s)
2024-06-20,,Conseil communal - 20 juin 2024,38,57:55,1:00:32,157,Prise de parole et questions de M. Ballif (da.)
2024-06-20,,Conseil communal - 20 juin 2024,39,1:00:32,1:02:32,120,Prise de parole de M. Schobinger (UDC)
2024-06-20,,Conseil communal - 20 juin 2024,40,1:02:32,1:03:46,74,Réponse de Mme Kämpf (Municipale)
2024-06-20,,Conseil communal - 20 juin 2024,41,1:03:46,1:05:13,87,Prise de parole de M. F. Vallotton (da.)
2024-06-20,,Conseil communal - 20 juin 2024,42,1:05:13,1:05:22,9,(12.5) Nouvelle orientation pour l’intégration à Vevey
2024-06-20,,Conseil communal - 20 juin 2024,43,1:05:22,1:05:41,19,Question de Mme Dohr (VL)
2024-06-20,,Conseil communal - 20 juin 2024,44,1:05:41,1:07:32,111,Réponse de Mme Kämpf (Municipale)
2024-06-20,,Conseil communal - 20 juin 2024,45,1:07:32,1:07:38,6,"(13) Interpellations, motions, postulats, projets de règlement"
2024-06-20,,Conseil communal - 20 juin 2024,46,1:07:38,1:10:46,188,(13.1) Interpellation de Mme Gavin (PS)
2024-06-20,,Conseil communal - 20 juin 2024,47,1:10:46,1:14:36,230,Réponse de M. Dormond (Municipal)
2024-06-20,,Conseil communal - 20 juin 2024,48,1:14:36,1:16:41,125,(13.2) Motion de Mme Joëlle Minacci (da.) / Interpartis
2024-06-20,,Conseil communal - 20 juin 2024,49,1:16:41,1:20:26,225,Prise de parole de Mme Marques (PLR)
2024-06-20,,Conseil communal - 20 juin 2024,50,1:20:26,1:23:04,158,Prise de parole de Mme Gavin (PS)
2024-06-20,,Conseil communal - 20 juin 2024,52,1:23:04,1:35:52,768,Diverses prises de parole
2024-06-20,,Conseil communal - 20 juin 2024,53,1:35:52,1:37:32,100,Vote pour le renvoi à la Municipalité
2024-06-20,,Conseil communal - 20 juin 2024,54,1:37:32,1:39:23,111,(13.3) Interpellation de Mme Dohr (VL)
2024-06-20,,Conseil communal - 20 juin 2024,55,1:39:23,1:41:35,132,Réponse de Mme Kämpf (Municipale)
2024-06-20,,Conseil communal - 20 juin 2024,56,1:41:35,1:42:35,60,Réponse de Mme Dohr (VL)
2024-06-20,,Conseil communal - 20 juin 2024,57,1:42:35,1:44:14,99,Prise de parole de M. Colin (da.)
2024-06-20,,Conseil communal - 20 juin 2024,58,1:44:14,1:44:50,36,Prise de parole de M. C. Wahli (Les Vert - e - s)
2024-06-20,,Conseil communal - 20 juin 2024,59,1:44:50,1:47:17,147,(13.4) Interpellation de Mme Houriet (PS)
2024-06-20,,Conseil communal - 20 juin 2024,60,1:47:17,1:49:24,127,(13.5) Interpellation interpartis
2024-06-20,,Conseil communal - 20 juin 2024,61,1:49:24,1:49:38,14,"(14) Questions voeux, propositions individuelles"
2024-06-20,,Conseil communal - 20 juin 2024,62,1:49:38,1:53:27,229,Prise de parole de M. Gonthier (da.)
2024-06-20,,Conseil communal - 20 juin 2024,63,1:53:27,1:56:17,170,Réponse de Mme Kämpf (Municipale)
2024-06-20,,Conseil communal - 20 juin 2024,64,1:56:17,1:56:56,39,Prise de parole de M. C. Wahli (Les Vert - e - s)
2024-06-20,,Conseil communal - 20 juin 2024,65,1:56:56,1:58:17,81,Informations de M. Pieren (VL)
2024-06-20,,Conseil communal - 20 juin 2024,66,1:58:17,1:59:41,84,Informations de M. Molliat (VL)
2024-06-20,,Conseil communal - 20 juin 2024,67,1:59:41,2:01:09,88,Informations de Mme Simonin (VL)
2024-06-20,,Conseil communal - 20 juin 2024,68,2:01:09,2:01:22,13,Informations de M. Molliat (VL)
2024-06-20,,Conseil communal - 20 juin 2024,69,2:01:22,2:10:27,545,Diverses prises de parole
2024-06-20,,Conseil communal - 20 juin 2024,70,2:10:27,2:11:46,79,Information de Mme Kämpf (Municipale)
2024-06-20,,Conseil communal - 20 juin 2024,71,2:11:46,2:17:39,353,Le mot de la présidente du Conseil communal
2024-06-20,,Conseil communal - 20 juin 2024,72,2:17:39,2:24:31,412,Le mot du syndic
2024-09-05,,Conseil communal - 5 septembre 2024,5,0:00,4:17,257,Début de la séance
2024-09-05,,Conseil communal - 5 septembre 2024,6,4:17,8:03,226,"Introduction de M. Herminjard, Président du Conseil communal"
2024-09-05,,Conseil communal - 5 septembre 2024,7,8:03,12:58,295,(1) Appel
2024-09-05,,Conseil communal - 5 septembre 2024,8,12:58,13:39,41,(2) Adoption de l'ordre du jour
2024-09-05,,Conseil communal - 5 septembre 2024,9,13:39,14:36,57,Question de M. Gonthier (da.)
2024-09-05,,Conseil communal - 5 septembre 2024,10,14:36,14:50,14,Vote
2024-09-05,,Conseil communal - 5 septembre 2024,11,14:50,19:09,259,(3) Communications du Bureau et correspondance
2024-09-05,,Conseil communal - 5 septembre 2024,12,19:09,19:28,19,(4) Adoption du procès-verbal
2024-09-05,,Conseil communal - 5 septembre 2024,13,19:28,19:50,22,Vote
2024-09-05,,Conseil communal - 5 septembre 2024,14,19:50,25:20,330,(5) Prestation de serment
2024-09-05,,Conseil communal - 5 septembre 2024,15,25:20,27:34,134,(6) Elections complémentaires
2024-09-05,,Conseil communal - 5 septembre 2024,16,27:34,29:19,105,(7) Information au Conseil communal par ses représentants au sein des organismes intercommunaux
2024-09-05,,Conseil communal - 5 septembre 2024,17,29:19,29:20,1,(8) Préavis
2024-09-05,,Conseil communal - 5 septembre 2024,18,29:20,29:45,25,(8.1) Arrêté communal d’imposition pour 2025
2024-09-05,,Conseil communal - 5 septembre 2024,19,29:45,31:38,113,"(8.2) Demande d’un crédit d’étude pour l’assainissement énergétique de Charmontey 41-43 et Charmontey 45-47 et d’un crédit d’étude pour l’assainissement énergétique de Simplon 14-16, Panorama 17/Clos 9 et Verger 10"
2024-09-05,,Conseil communal - 5 septembre 2024,20,31:38,33:06,88,"(8.3) Demande de trois crédits d’investissement pour la réfection des réseaux communaux - des canalisations et des routes : pour le projet de la rue du Collège, pour le projet de l’avenue Ernest-Biéler, pour le projet de la RC 780 et demande d’adoption du projet de piétonnisation de la rue du Collège"
2024-09-05,,Conseil communal - 5 septembre 2024,21,33:06,33:07,1,(9) Rapports
2024-09-05,,Conseil communal - 5 septembre 2024,22,33:07,36:00,173,"(9.1) Étude sur les structures juridiques envisageables pour le projet d’autonomisation du Musée Jenisch Vevey et demande de crédit. Réponse à l’interpellation de Mme Marques (PLR) : « Musée Jenisch, à quand un nouvel élan ?"
2024-09-05,,Conseil communal - 5 septembre 2024,23,36:00,36:34,34,Prise de parole de Mme Perrier (Les Vert-e-s)
2024-09-05,,Conseil communal - 5 septembre 2024,24,36:34,40:28,234,Proposition d'amendement de M. Vidoz (LC-V'L)
2024-09-05,,Conseil communal - 5 septembre 2024,25,40:28,44:25,237,Diverses prises de parole
2024-09-05,,Conseil communal - 5 septembre 2024,26,44:25,47:51,206,Réponse de M. Gonthier (da.)
2024-09-05,,Conseil communal - 5 septembre 2024,27,47:51,1:01:14,803,Diverses prises de parole
2024-09-05,,Conseil communal - 5 septembre 2024,28,1:01:14,1:04:04,170,Réponse de M. Gonthier (da.)
2024-09-05,,Conseil communal - 5 septembre 2024,29,1:04:04,1:07:03,179,Prise de parole de Mme Lopes (da.)
2024-09-05,,Conseil communal - 5 septembre 2024,30,1:07:03,1:13:33,390,Réponse de M. Luccarini (Syndic)
2024-09-05,,Conseil communal - 5 septembre 2024,31,1:13:33,1:14:01,28,Question de M. Vidoz (LC-V'L)
2024-09-05,,Conseil communal - 5 septembre 2024,32,1:14:01,1:14:37,36,Réponse de M. Luccarini (Syndic)
2024-09-05,,Conseil communal - 5 septembre 2024,33,1:14:37,1:20:11,334,Vote sur l'amendement
2024-09-05,,Conseil communal - 5 septembre 2024,34,1:20:11,1:21:09,58,Vote sur les conclusions du préavis
2024-09-05,,Conseil communal - 5 septembre 2024,35,1:21:09,1:24:41,212,(9.2) Demande d’un crédit pour l’étude et l’installation d’un collège provisoire sur la dalle-parking du SIGE et pour la réalisation d’un ascenseur d’accès
2024-09-05,,Conseil communal - 5 septembre 2024,36,1:24:41,1:26:04,83,Question de M. Roduit (LC-V'L)
2024-09-05,,Conseil communal - 5 septembre 2024,37,1:26:04,1:26:41,37,Vote sur l'amendement technique
2024-09-05,,Conseil communal - 5 septembre 2024,38,1:26:41,1:27:16,35,Vote sur les conclusions du préavis
2024-09-05,,Conseil communal - 5 septembre 2024,39,1:27:16,1:27:21,5,(10) Réponses aux interpellations
2024-09-05,,Conseil communal - 5 septembre 2024,40,1:27:21,1:29:45,144,(10.1) Interpellation de M. Bertschy (PLR) : « Vevey mange-t-elle du foin … »
2024-09-05,,Conseil communal - 5 septembre 2024,41,1:29:45,1:36:11,386,(10.2) Interpellation de M. Christen (VL) : « Abattoirs de Clarens : n’abattons pas des filières de produits de proximité ! »
2024-09-05,,Conseil communal - 5 septembre 2024,42,1:36:11,1:42:46,395,Prise de parole de M. Gonthier (da.)
2024-09-05,,Conseil communal - 5 septembre 2024,43,1:42:46,1:44:26,100,Réponse de M. Imhof (Municipal)
2024-09-05,,Conseil communal - 5 septembre 2024,44,1:44:26,1:48:22,236,Résolution de M. Christen (VL)
2024-09-05,,Conseil communal - 5 septembre 2024,45,1:48:22,1:49:11,49,Proposition de M. Pieren (VL)
2024-09-05,,Conseil communal - 5 septembre 2024,46,1:49:11,1:51:10,119,Prise de parole de M. Gonthier (da.)
2024-09-05,,Conseil communal - 5 septembre 2024,47,1:51:10,1:53:26,136,Prise de parole de M. Christen (VL)
2024-09-05,,Conseil communal - 5 septembre 2024,48,1:53:26,1:53:52,26,Vote sur la résolution
2024-09-05,,Conseil communal - 5 septembre 2024,49,1:53:52,1:56:34,162,(10.3) Interpellation de Mme Zonca (Vert·e·s/Interpartis) : « Violences domestiques : l’urgence d’agir »
2024-09-05,,Conseil communal - 5 septembre 2024,50,1:56:34,1:58:35,121,Réponse de Mme Kämpf (Municipale)
2024-09-05,,Conseil communal - 5 septembre 2024,51,1:58:35,1:59:47,72,Prise de parole de Mme Houriet (PS)
2024-09-05,,Conseil communal - 5 septembre 2024,52,1:59:47,2:00:16,29,Réponse de Mme Kämpf (Municipale)
2024-09-05,,Conseil communal - 5 septembre 2024,53,2:00:16,2:01:02,46,Prise de parole de Mme Houriet (PS)
2024-09-05,,Conseil communal - 5 septembre 2024,54,2:01:02,2:01:17,15,Réponse de Mme Kämpf (Municipale)
2024-09-05,,Conseil communal - 5 septembre 2024,55,2:01:17,2:02:45,88,(10.4) Interpellation de Mme Houriet (PS) : « Diète postale à marche forcée - Stop ! »
2024-09-05,,Conseil communal - 5 septembre 2024,56,2:02:45,2:04:18,93,Prise de parole de M. Gonthier (da.)
2024-09-05,,Conseil communal - 5 septembre 2024,57,2:04:18,2:04:41,23,Prise de parole de M. Bertschy (PLR)
2024-09-05,,Conseil communal - 5 septembre 2024,58,2:04:41,2:04:46,5,(11) Communications de la Municipalité
2024-09-05,,Conseil communal - 5 septembre 2024,59,2:04:46,2:05:04,18,(11.1) Période de rénovation de La Cheneau : location de chalets de remplacement aux Mosses
2024-09-05,,Conseil communal - 5 septembre 2024,60,2:05:04,2:05:38,34,Question de M. Lavanchy (da.)
2024-09-05,,Conseil communal - 5 septembre 2024,61,2:05:38,2:06:38,60,Réponse de Mme Willommet (Municipale)
2024-09-05,,Conseil communal - 5 septembre 2024,62,2:06:38,2:09:31,173,(11.2) Place du Marché – Rejet des recours au projet de réaménagement adopté par le Conseil communal
2024-09-05,,Conseil communal - 5 septembre 2024,63,2:09:31,2:09:39,8,"(12) Interpellations, motions, postulats, projets de règlement"
2024-09-05,,Conseil communal - 5 septembre 2024,64,2:09:39,2:10:40,61,(12.1) Interpellation de M. Christen (VL) : « L’affichage commercial ne devrait-il pas permettre de financer l’affichage communal et associatif ? »
2024-09-05,,Conseil communal - 5 septembre 2024,65,2:10:40,2:14:35,235,(12.2) Interpellation de M. Bertschy (PLR) : « Et alors elles rapportent combien ces bagnoles !!! »
2024-09-05,,Conseil communal - 5 septembre 2024,66,2:14:35,2:15:37,62,Questions de M. Schobinger (UDC)
2024-09-05,,Conseil communal - 5 septembre 2024,67,2:15:37,2:18:55,198,Prise de parole de M. Gonthier (da.)
2024-09-05,,Conseil communal - 5 septembre 2024,68,2:18:55,2:20:04,69,Réponse de M. Bertschy (PLR)
2024-09-05,,Conseil communal - 5 septembre 2024,69,2:20:04,2:20:41,37,Prise de parole de Mme Dohr (VL)
2024-09-05,,Conseil communal - 5 septembre 2024,70,2:20:41,2:22:25,104,Réponse de M. Dormond (Municipal)
2024-09-05,,Conseil communal - 5 septembre 2024,71,2:22:25,2:23:29,64,Prise de parole de Mme Carruzzo Evéquoz (Les Vert-e-s)
2024-09-05,,Conseil communal - 5 septembre 2024,72,2:23:29,2:24:19,50,Réponse de M. Dormond (Municipal)
2024-09-05,,Conseil communal - 5 septembre 2024,73,2:24:19,2:26:01,102,Prise de parole de M. Bertschy (PLR)
2024-09-05,,Conseil communal - 5 septembre 2024,74,2:26:01,2:26:28,27,Prise de parole de M. Schobinger (UDC)
2024-09-05,,Conseil communal - 5 septembre 2024,75,2:26:28,2:27:40,72,Vote
2024-09-05,,Conseil communal - 5 septembre 2024,76,2:27:40,2:28:19,39,"(13) Questions voeux, propositions individuelles"
2024-09-05,,Conseil communal - 5 septembre 2024,77,2:28:19,2:31:31,192,Remarque de M. Christen (VL)
2024-09-05,,Conseil communal - 5 septembre 2024,78,2:31:31,2:32:32,61,Question de Mme Marques (PLR)
2024-09-05,,Conseil communal - 5 septembre 2024,79,2:32:32,2:33:17,45,Réponse de Mme Kämpf (Municipale)
2024-09-05,,Conseil communal - 5 septembre 2024,80,2:33:17,2:33:39,22,Question de Mme Dohr (VL)
2024-09-05,,Conseil communal - 5 septembre 2024,81,2:33:39,2:34:05,26,Réponse de M. Luccarini (Syndic)
2024-09-05,,Conseil communal - 5 septembre 2024,82,2:34:05,2:35:06,61,Prise de parole de M. Gonthier (da.)
2024-09-05,,Conseil communal - 5 septembre 2024,83,2:35:06,2:35:48,42,Question de M. Bertschy (PLR)
2024-09-05,,Conseil communal - 5 septembre 2024,84,2:35:48,2:36:18,30,Réponse de M. Dormond (Municipal)
2024-09-05,,Conseil communal - 5 septembre 2024,85,2:36:18,2:38:25,127,Prise de parole de M. Chiffelle (da.)
2024-09-05,,Conseil communal - 5 septembre 2024,86,2:38:25,2:40:19,114,Précisions de M. Dormond (Municipal)
2024-09-05,,Conseil communal - 5 septembre 2024,87,2:40:19,2:41:43,84,Prise de parole de M. Chiffelle (da.)
2024-09-05,,Conseil communal - 5 septembre 2024,88,2:41:43,2:42:00,17,Fin de la séance
2024-10-03,,Conseil communal - 3 octobre 2024,6,0:00,10:20,620,Début de la séance
2024-10-03,,Conseil communal - 3 octobre 2024,7,10:20,1:06:37,3377,Présentation du PDI-PA5
2024-10-03,,Conseil communal - 3 octobre 2024,8,1:06:37,1:11:25,288,(1) Appel
2024-10-03,,Conseil communal - 3 octobre 2024,9,1:11:25,1:12:59,94,(2) Adoption de l'ordre du jour
2024-10-03,,Conseil communal - 3 octobre 2024,10,1:12:59,1:13:37,38,Prise de parole de Mme Gandar (da.)
2024-10-03,,Conseil communal - 3 octobre 2024,11,1:13:37,1:13:50,13,Vote
2024-10-03,,Conseil communal - 3 octobre 2024,12,1:13:50,1:15:17,87,(3) Communications du Bureau et correspondance
2024-10-03,,Conseil communal - 3 octobre 2024,13,1:15:17,1:15:28,11,(4) Adoption du procès-verbal
2024-10-03,,Conseil communal - 3 octobre 2024,14,1:15:28,1:16:59,91,Question de Mme Dohr (VL)
2024-10-03,,Conseil communal - 3 octobre 2024,15,1:16:59,1:19:06,127,Réponse du Président
2024-10-03,,Conseil communal - 3 octobre 2024,16,1:19:06,1:19:48,42,Prise de parole de Mme Dohr (VL)
2024-10-03,,Conseil communal - 3 octobre 2024,17,1:19:48,1:20:05,17,Vote
2024-10-03,,Conseil communal - 3 octobre 2024,18,1:20:05,1:23:07,182,(5) Prestation de serment
2024-10-03,,Conseil communal - 3 octobre 2024,19,1:23:07,1:25:48,161,(6) Elections complémentaires
2024-10-03,,Conseil communal - 3 octobre 2024,20,1:25:48,1:25:49,1,(7) Nominations
2024-10-03,,Conseil communal - 3 octobre 2024,21,1:25:49,1:28:05,136,"(7.1) Nominations d'une commission du postulat de M. Bertschy, ""Agir sans attendre pour notre bien... et pas seulement..."""
2024-10-03,,Conseil communal - 3 octobre 2024,22,1:28:05,1:28:25,20,(8) Information au Conseil communal au sujet des organismes intercommunaux
2024-10-03,,Conseil communal - 3 octobre 2024,23,1:28:25,1:28:31,6,(9) Préavis / Rapports-préavis
2024-10-03,,Conseil communal - 3 octobre 2024,24,1:28:31,1:29:06,35,(9.1) Budget 2025 de la CITS
2024-10-03,,Conseil communal - 3 octobre 2024,25,1:29:06,1:29:35,29,(9.2) Comptes 2023 de la CITS
2024-10-03,,Conseil communal - 3 octobre 2024,26,1:29:35,1:31:10,95,(9.3) Révision partielle des Statuts de l’ASR
2024-10-03,,Conseil communal - 3 octobre 2024,27,1:31:10,1:31:37,27,(9.4) Budget 2025 de la CIEHL
2024-10-03,,Conseil communal - 3 octobre 2024,28,1:31:37,1:31:42,5,(10) Rapports des commissions
2024-10-03,,Conseil communal - 3 octobre 2024,29,1:31:42,1:33:38,116,(10.1) Arrêté communal d’imposition pour 2025
2024-10-03,,Conseil communal - 3 octobre 2024,30,1:33:38,1:35:54,136,Proposition de Mme Marques (PLR)
2024-10-03,,Conseil communal - 3 octobre 2024,31,1:35:54,1:46:57,663,Diverses prises de parole
2024-10-03,,Conseil communal - 3 octobre 2024,32,1:46:57,1:53:31,394,Réponse de M. Luccarini (Syndic)
2024-10-03,,Conseil communal - 3 octobre 2024,33,1:53:31,1:58:39,308,Diverses prises de parole
2024-10-03,,Conseil communal - 3 octobre 2024,34,1:58:39,1:59:00,21,Vote à bulletin secret demandé par Mme Marques (PLR)
2024-10-03,,Conseil communal - 3 octobre 2024,35,1:59:00,1:59:18,18,Vote sur le vote à bulletin secret
2024-10-03,,Conseil communal - 3 octobre 2024,36,1:59:18,2:05:30,372,Vote à bulletin secret
2024-10-03,,Conseil communal - 3 octobre 2024,37,2:05:30,2:10:01,271,"(10.2) Demande de crédits d’étude pour l’assainissement énergétique de Charmontey 41-43 et Charmontey 45-47 et pour l’assainissement énergétique de Simplon 14-16, Panorama 17/Clos 9 et Verger 10"
2024-10-03,,Conseil communal - 3 octobre 2024,38,2:10:01,2:10:42,41,Prise de parole de M. Bertschy (PLR)
2024-10-03,,Conseil communal - 3 octobre 2024,39,2:10:42,2:11:57,75,Question de Mme Foster (da.)
2024-10-03,,Conseil communal - 3 octobre 2024,40,2:11:57,2:14:07,130,Question de M. Gülcü (LC-V'L)
2024-10-03,,Conseil communal - 3 octobre 2024,41,2:14:07,2:16:27,140,Réponse de M. Molliat (Municipal)
2024-10-03,,Conseil communal - 3 octobre 2024,42,2:16:27,2:17:01,34,Vote
2024-10-03,,Conseil communal - 3 octobre 2024,43,2:17:01,2:17:54,53,Résultats du vote à bulletin secret (suite du 10.1)
2024-10-03,,Conseil communal - 3 octobre 2024,44,2:17:54,2:18:59,65,Vote sur le préavis sans amendement (suite du 10.1)
2024-10-03,,Conseil communal - 3 octobre 2024,45,2:18:59,2:21:54,175,"(10.3) Demande de trois crédits d’investissement pour la réfection des réseaux communaux, des canalisations et des routes"
2024-10-03,,Conseil communal - 3 octobre 2024,46,2:21:54,2:23:30,96,Amendement déposé par la Municipalité lu par M. Imhof (Municipal)
2024-10-03,,Conseil communal - 3 octobre 2024,47,2:23:30,2:24:24,54,Vote sur le retrait de l'amendement
2024-10-03,,Conseil communal - 3 octobre 2024,48,2:24:24,2:25:04,40,Vote sur le préavis tel qu'amendé
2024-10-03,,Conseil communal - 3 octobre 2024,49,2:25:04,2:25:16,12,(11) -
2024-10-03,,Conseil communal - 3 octobre 2024,50,2:25:16,2:25:27,11,(12) -
2024-10-03,,Conseil communal - 3 octobre 2024,51,2:25:27,2:25:37,10,"(13) Interpellations, motions, postulats, projets de règlement"
2024-10-03,,Conseil communal - 3 octobre 2024,52,2:25:37,2:27:17,100,"(13.1) Interpellation de M. Bertschy (PLR) : «Comptes et études, éclaircir le brouillard…»"
2024-10-03,,Conseil communal - 3 octobre 2024,53,2:27:17,2:28:22,65,Question de M. Luccarini (Syndic)
2024-10-03,,Conseil communal - 3 octobre 2024,54,2:28:22,2:30:20,118,(13.2) Interpellation de M. Bertschy (PLR) : «Une mise à jour s’impose !»
2024-10-03,,Conseil communal - 3 octobre 2024,55,2:30:20,2:34:24,244,"(13.3) Interpellation urgente de Mme Marques (PLR) : ""Vevey à la recherche du deal perdu"""
2024-10-03,,Conseil communal - 3 octobre 2024,56,2:34:24,2:40:00,336,"(13.4) Interpellation urgente de Mme Dohr (VL) : ""Situation urgente précaire Vevey Riviera Vaud"""
2024-10-03,,Conseil communal - 3 octobre 2024,57,2:40:00,2:40:18,18,"(14) Questions voeux, propositions individuelles"
2024-10-03,,Conseil communal - 3 octobre 2024,58,2:40:18,2:40:54,36,Question de Lavanchy (da.)
2024-10-03,,Conseil communal - 3 octobre 2024,59,2:40:54,2:41:26,32,Réponse de M. Molliat (Municipal)
2024-10-03,,Conseil communal - 3 octobre 2024,60,2:41:26,2:45:59,273,Diverses prises de parole
2024-10-03,,Conseil communal - 3 octobre 2024,61,2:45:59,2:46:20,21,Fin de la séance
2024-11-14,,Conseil communal - 14 novembre 2024,5,0:00,3:58,238,Début de la séance
2024-11-14,,Conseil communal - 14 novembre 2024,6,3:58,10:31,393,(1) Appel
2024-11-14,,Conseil communal - 14 novembre 2024,7,10:31,11:19,48,(2) Adoption de l'ordre du jour
2024-11-14,,Conseil communal - 14 novembre 2024,8,11:19,17:38,379,(3) Communications du Bureau et correspondance
2024-11-14,,Conseil communal - 14 novembre 2024,9,17:38,18:44,66,Prise de parole de Mme Dohr (VL)
2024-11-14,,Conseil communal - 14 novembre 2024,10,18:44,19:02,18,(4) Adoption du procès-verbal
2024-11-14,,Conseil communal - 14 novembre 2024,11,19:02,21:47,165,(5) Prestation de serment
2024-11-14,,Conseil communal - 14 novembre 2024,12,21:47,21:52,5,(6) -
2024-11-14,,Conseil communal - 14 novembre 2024,13,21:52,21:58,6,(7) -
2024-11-14,,Conseil communal - 14 novembre 2024,14,21:58,22:26,28,(8) Information au Conseil communal au sujet des organismes intercommunaux
2024-11-14,,Conseil communal - 14 novembre 2024,15,22:26,22:57,31,Information de Mme Dohr (VL)
2024-11-14,,Conseil communal - 14 novembre 2024,16,22:57,24:00,63,Information de Mme Despot (UDC)
2024-11-14,,Conseil communal - 14 novembre 2024,17,24:00,24:01,1,(9) Préavis / Rapports-préavis
2024-11-14,,Conseil communal - 14 novembre 2024,18,24:01,24:09,8,(9.1) -
2024-11-14,,Conseil communal - 14 novembre 2024,19,24:09,25:20,71,(9.2) Budget communal pour l’exercice 2025
2024-11-14,,Conseil communal - 14 novembre 2024,20,25:20,26:25,65,(9.3) Rapport-préavis en réponse au postulat de M. Bertschy (VL) : « Faire de Vevey une ville d’images au quotidien »
2024-11-14,,Conseil communal - 14 novembre 2024,21,26:25,28:01,96,(9.4) Demande d’un crédit pour l’entretien du patrimoine communal (2025) et crédit pour l’entretien du patrimoine du rentier Caisse de dépôt pour l’amortissement de l’impôt communal de Vevey (2025) et crédit pour l’entretien du patrimoine du rentier Fondation Jules Monnerat en faveur des vieillards (2025)
2024-11-14,,Conseil communal - 14 novembre 2024,22,28:01,28:07,6,(10) Rapports
2024-11-14,,Conseil communal - 14 novembre 2024,23,28:07,29:45,98,(10.1) Budget 2025 du CITS
2024-11-14,,Conseil communal - 14 novembre 2024,24,29:45,30:33,48,Vote
2024-11-14,,Conseil communal - 14 novembre 2024,25,30:33,31:43,70,(10.2) Comptes 2023 du CITS
2024-11-14,,Conseil communal - 14 novembre 2024,26,31:43,32:13,30,Vote
2024-11-14,,Conseil communal - 14 novembre 2024,27,32:13,37:48,335,(10.3) Révision partielle des Statuts de l’ASR
2024-11-14,,Conseil communal - 14 novembre 2024,28,37:48,40:11,143,Prise de parole de M. Gonthier (da.)
2024-11-14,,Conseil communal - 14 novembre 2024,29,40:11,40:48,37,Vote
2024-11-14,,Conseil communal - 14 novembre 2024,30,40:48,40:57,9,(11) Réponses aux interpellations
2024-11-14,,Conseil communal - 14 novembre 2024,31,40:57,44:05,188,(11.1) Interpellation de Mme Dohr (VL) : « Situation d'urgence précaire Vevey – Riviera – Vaud »
2024-11-14,,Conseil communal - 14 novembre 2024,32,44:05,47:44,219,Réponse de Mme Kämpf (Municipale)
2024-11-14,,Conseil communal - 14 novembre 2024,33,47:44,49:23,99,Prise de parole de Mme Lopez (da.)
2024-11-14,,Conseil communal - 14 novembre 2024,34,49:23,50:45,82,Prise de parole de Mme Minacci (da.)
2024-11-14,,Conseil communal - 14 novembre 2024,35,50:45,51:36,51,Réponse de Mme Kämpf (Municipale)
2024-11-14,,Conseil communal - 14 novembre 2024,36,51:36,51:54,18,Prise de parole de Mme Dohr (VL)
2024-11-14,,Conseil communal - 14 novembre 2024,37,51:54,53:30,96,(11.2) Interpellation de M. Bertschy (PLR) : « Et alors elles rapportent combien ces bagnoles !!! »
2024-11-14,,Conseil communal - 14 novembre 2024,38,53:30,56:27,177,Réponse de M. Dormond (Municipal)
2024-11-14,,Conseil communal - 14 novembre 2024,39,56:27,57:59,92,Question de M. Gonthier (da.)
2024-11-14,,Conseil communal - 14 novembre 2024,40,57:59,59:26,87,Réponse de M. Dormond (Municipal)
2024-11-14,,Conseil communal - 14 novembre 2024,41,59:26,1:01:55,149,(12) Communications de la Municipalité
2024-11-14,,Conseil communal - 14 novembre 2024,42,1:01:55,1:02:02,7,(13) -
2024-11-14,,Conseil communal - 14 novembre 2024,43,1:02:02,1:02:29,27,"(14) Questions voeux, propositions individuelles"
2024-11-14,,Conseil communal - 14 novembre 2024,44,1:02:29,1:04:25,116,Prise de parole de Mme Dohr (VL)
2024-11-14,,Conseil communal - 14 novembre 2024,45,1:04:25,1:05:31,66,Prise de parole de M. Butty (PS)
2024-11-14,,Conseil communal - 14 novembre 2024,46,1:05:31,1:07:19,108,Informations de Mme Berrocal (da.)
2024-11-14,,Conseil communal - 14 novembre 2024,47,1:07:19,1:07:58,39,Remarque de Mme Dohr (VL)
2024-11-14,,Conseil communal - 14 novembre 2024,48,1:07:58,1:09:37,99,Remerciements de M. Marinelli (PLR) au fleuriste
2024-11-14,,Conseil communal - 14 novembre 2024,49,1:09:37,1:11:05,88,Fin de la séance
2024-12-05,,Conseil communal - 5 décembre 2024,5,0:00,4:56,296,Début de la séance
2024-12-05,,Conseil communal - 5 décembre 2024,6,4:56,12:07,431,(1) Appel
2024-12-05,,Conseil communal - 5 décembre 2024,7,12:07,12:45,38,(2) Adoption de l'ordre du jour
2024-12-05,,Conseil communal - 5 décembre 2024,8,12:45,15:27,162,(3) Communications du Bureau et correspondance
2024-12-05,,Conseil communal - 5 décembre 2024,9,15:27,15:57,30,(4) Adoption du procès-verbal
2024-12-05,,Conseil communal - 5 décembre 2024,10,15:57,17:41,104,(5) Prestation de serment
2024-12-05,,Conseil communal - 5 décembre 2024,11,17:41,17:52,11,(6 et 7) -
2024-12-05,,Conseil communal - 5 décembre 2024,12,17:52,22:41,289,(8) Information au Conseil communal par ses représentants au sein des organismes intercommunaux
2024-12-05,,Conseil communal - 5 décembre 2024,13,22:41,22:42,1,(9) Préavis / Rapports-préavis
2024-12-05,,Conseil communal - 5 décembre 2024,14,22:42,23:45,63,(9.1) Demande crédit d’ouvrage réalisation réaménagement du préau du Collège de la Veveyse
2024-12-05,,Conseil communal - 5 décembre 2024,15,23:45,25:02,77,(9.2) Demande crédit d’investissement renouvellement 2025 infrastructure centrale de l’informatique de l’administration communale de la Ville de Vevey
2024-12-05,,Conseil communal - 5 décembre 2024,16,25:02,25:03,1,(10) Rapports
2024-12-05,,Conseil communal - 5 décembre 2024,17,25:03,27:05,122,(10.1) Budget 2025 de la CIEHL
2024-12-05,,Conseil communal - 5 décembre 2024,18,27:05,28:41,96,(10.2) Budget 2025 du FCR
2024-12-05,,Conseil communal - 5 décembre 2024,19,28:41,30:49,128,(10.3) Budget communal 2025
2024-12-05,,Conseil communal - 5 décembre 2024,20,30:49,38:18,449,Présentation du budget par Mme Willommet (Municipale)
2024-12-05,,Conseil communal - 5 décembre 2024,21,38:18,40:39,141,Conclusions lues par Mme Ghorayeb (EAV!)
2024-12-05,,Conseil communal - 5 décembre 2024,22,40:39,1:00:38,1199,Parole aux groupes
2024-12-05,,Conseil communal - 5 décembre 2024,23,1:00:38,1:05:51,313,Explications de Mme Willommet (Municipale)
2024-12-05,,Conseil communal - 5 décembre 2024,24,1:05:51,1:06:24,33,Administration générale
2024-12-05,,Conseil communal - 5 décembre 2024,25,1:06:24,1:10:16,232,Amendement augmentation 110.3185
2024-12-05,,Conseil communal - 5 décembre 2024,26,1:10:16,1:10:23,7,Secrétariat municipal
2024-12-05,,Conseil communal - 5 décembre 2024,27,1:10:23,1:11:28,65,Amendement mun. diminution 121.3170
2024-12-05,,Conseil communal - 5 décembre 2024,28,1:11:28,1:11:33,5,Service de l'accueil et de la population
2024-12-05,,Conseil communal - 5 décembre 2024,29,1:11:33,1:24:12,759,Amendement cofi diminution 122.3101
2024-12-05,,Conseil communal - 5 décembre 2024,30,1:24:12,1:24:58,46,Amendement mun.diminution 122.3170.01
2024-12-05,,Conseil communal - 5 décembre 2024,31,1:24:58,1:26:12,74,Amendement cofi diminution 122.3181
2024-12-05,,Conseil communal - 5 décembre 2024,32,1:26:12,1:30:16,244,Amendement cofi augmentation (UNRWA) 130.3659.01
2024-12-05,,Conseil communal - 5 décembre 2024,33,1:30:16,1:46:39,983,"Rectification par Mme Minacci (da.), création de compte 130.3659.05"
2024-12-05,,Conseil communal - 5 décembre 2024,34,1:46:39,1:46:57,18,Amendement tech. diminution 132.3514
2024-12-05,,Conseil communal - 5 décembre 2024,35,1:46:57,1:47:30,33,Amendement tech. diminution 132.3514.01
2024-12-05,,Conseil communal - 5 décembre 2024,36,1:47:30,1:47:36,6,Service des relations humaines
2024-12-05,,Conseil communal - 5 décembre 2024,37,1:47:36,1:49:50,134,Amendement tech. diminutions 140.3040 et 3050
2024-12-05,,Conseil communal - 5 décembre 2024,38,1:49:50,1:50:31,41,Amendement mun. diminution 141.3091
2024-12-05,,Conseil communal - 5 décembre 2024,39,1:50:31,1:59:44,553,Amendement de M. Lavanchy (da.) 141.4361.04
2024-12-05,,Conseil communal - 5 décembre 2024,40,1:59:44,1:59:50,6,"Bureau de l'économie, du tourisme et des vignes"
2024-12-05,,Conseil communal - 5 décembre 2024,41,1:59:50,2:00:41,51,"Amendement diminution 182.3012, 3030, 3040 et 3050"
2024-12-05,,Conseil communal - 5 décembre 2024,42,2:00:41,2:10:18,577,Amendement cofi diminution 182.3658.08
2024-12-05,,Conseil communal - 5 décembre 2024,43,2:10:18,2:10:31,13,Service des systèmes d'information
2024-12-05,,Conseil communal - 5 décembre 2024,44,2:10:31,2:11:30,59,"Amendement mun. diminution 190.3011, 3030, 3040 et 3050"
2024-12-05,,Conseil communal - 5 décembre 2024,45,2:11:30,2:12:30,60,Amendement mun. diminution 190.3151.02
2024-12-05,,Conseil communal - 5 décembre 2024,47,2:12:30,2:13:02,32,Amendement mun. diminution 200.3185.06
2024-12-05,,Conseil communal - 5 décembre 2024,48,2:13:02,2:14:08,66,Amendement mun. diminution 200.3185.08
2024-12-05,,Conseil communal - 5 décembre 2024,49,2:14:08,2:14:09,1,Bâtiments locatifs
2024-12-05,,Conseil communal - 5 décembre 2024,50,2:14:09,2:14:51,42,"Amendement mun. diminution 253.3011, 3030, 3040 et 3050"
2024-12-05,,Conseil communal - 5 décembre 2024,51,2:14:51,2:15:24,33,Amendement mun. diminution 253.3141
2024-12-05,,Conseil communal - 5 décembre 2024,52,2:15:24,2:16:59,95,Amendement mun. diminution 253.3189
2024-12-05,,Conseil communal - 5 décembre 2024,53,2:16:59,2:16:59,0,Bâtiments locatifs
2024-12-05,,Conseil communal - 5 décembre 2024,54,2:16:59,2:17:00,1,Camping de la Pichette
2024-12-05,,Conseil communal - 5 décembre 2024,55,2:17:00,2:18:45,105,Amendement mun. diminution 272.3114
2024-12-05,,Conseil communal - 5 décembre 2024,56,2:18:45,2:18:54,9,"Services des bâtiments, de la gérance et de l'énergie"
2024-12-05,,Conseil communal - 5 décembre 2024,57,2:18:54,2:28:06,552,Amendement cofi diminution 300.3170
2024-12-05,,Conseil communal - 5 décembre 2024,58,2:28:06,2:29:07,61,Amendement tech. diminution 300.4659
2024-12-05,,Conseil communal - 5 décembre 2024,59,2:29:07,2:29:40,33,Amendement tech. augmentation 351.3526
2024-12-05,,Conseil communal - 5 décembre 2024,60,2:29:40,2:29:47,7,Service de l'urbanisme et de la mobilité
2024-12-05,,Conseil communal - 5 décembre 2024,61,2:29:47,2:34:17,270,Amendement municipal diminution 352.3653.03
2024-12-05,,Conseil communal - 5 décembre 2024,62,2:34:17,2:34:51,34,Le Président départage
2024-12-05,,Conseil communal - 5 décembre 2024,63,2:34:51,2:34:52,1,"Service des travaux publics, des espaces verts et de l'entretien"
2024-12-05,,Conseil communal - 5 décembre 2024,64,2:34:52,2:35:35,43,Amendement mun. diminution 410.3185
2024-12-05,,Conseil communal - 5 décembre 2024,65,2:35:35,2:37:15,100,Amendement tech. diminution 411.3526
2024-12-05,,Conseil communal - 5 décembre 2024,66,2:37:15,2:37:47,32,Amendement mun. diminution 420.3135
2024-12-05,,Conseil communal - 5 décembre 2024,67,2:37:47,2:38:17,30,Amendement mun. diminution 420.3142
2024-12-05,,Conseil communal - 5 décembre 2024,68,2:38:17,2:38:47,30,Amendement tech. diminution 420.3526
2024-12-05,,Conseil communal - 5 décembre 2024,69,2:38:47,2:39:22,35,Amendement mun. diminution 430.3134
2024-12-05,,Conseil communal - 5 décembre 2024,70,2:39:22,2:40:18,56,Amendement mun. diminution 430.3145
2024-12-05,,Conseil communal - 5 décembre 2024,71,2:40:18,2:40:29,11,Amendement mun. diminution 470.3114
2024-12-05,,Conseil communal - 5 décembre 2024,72,2:40:29,2:46:25,356,Sous amendement de M. Lavanchy (da.)
2024-12-05,,Conseil communal - 5 décembre 2024,73,2:46:25,2:46:54,29,Vote sur le sous amendement
2024-12-05,,Conseil communal - 5 décembre 2024,74,2:46:54,2:47:27,33,Vote sur l'amendement
2024-12-05,,Conseil communal - 5 décembre 2024,75,2:47:27,2:47:48,21,"Service de la famille, de l'éducation et du sport"
2024-12-05,,Conseil communal - 5 décembre 2024,76,2:47:48,2:48:25,37,Amendement mun. diminution 501.3522
2024-12-05,,Conseil communal - 5 décembre 2024,77,2:48:25,2:49:24,59,Amendement mun. diminution 501.3662.01
2024-12-05,,Conseil communal - 5 décembre 2024,78,2:49:24,2:50:33,69,Amendement mun. diminution 505.3131
2024-12-05,,Conseil communal - 5 décembre 2024,79,2:50:33,2:51:01,28,Amendement tech. diminution 526.3124
2024-12-05,,Conseil communal - 5 décembre 2024,80,2:51:01,2:51:01,0,Amendement tech. diminution 526.3312.37
2024-12-05,,Conseil communal - 5 décembre 2024,81,2:51:01,2:52:19,78,Amendement tech. diminution 526.3312.37
2024-12-05,,Conseil communal - 5 décembre 2024,82,2:52:19,2:55:02,163,Amendement tech. diminution 526.3313.01
2024-12-05,,Conseil communal - 5 décembre 2024,83,2:55:02,2:57:11,129,Amendement mun. diminution 58210.3131
2024-12-05,,Conseil communal - 5 décembre 2024,84,2:57:11,2:57:37,26,Sécurité
2024-12-05,,Conseil communal - 5 décembre 2024,85,2:57:37,3:23:46,1569,"Amendement mun. diminution 700.3012, 3030, 3040 et 3050"
2024-12-05,,Conseil communal - 5 décembre 2024,86,3:23:46,3:24:46,60,Amendement mun. diminution 700.3185
2024-12-05,,Conseil communal - 5 décembre 2024,87,3:24:46,3:27:20,154,Amendement cofi augmentation 740.3655
2024-12-05,,Conseil communal - 5 décembre 2024,88,3:27:20,3:30:19,179,Service de la culture
2024-12-05,,Conseil communal - 5 décembre 2024,89,3:30:19,3:40:20,601,"Amendement mun. diminution 82021.3011, 3030, 3040 et 3050"
2024-12-05,,Conseil communal - 5 décembre 2024,90,3:40:20,3:41:28,68,Amendement mun. diminution 82021.3011
2024-12-05,,Conseil communal - 5 décembre 2024,91,3:41:28,3:44:49,201,Amendement cofi diminution 82021.3170.01
2024-12-05,,Conseil communal - 5 décembre 2024,92,3:44:49,3:46:33,104,"Amendement diminution 82031.3012, 3030, 3040 et 3050"
2024-12-05,,Conseil communal - 5 décembre 2024,93,3:46:33,3:48:37,124,Amendement mun. diminution 82041.3012
2024-12-05,,Conseil communal - 5 décembre 2024,94,3:48:37,3:49:11,34,Amendement mun. diminution 8205.3011
2024-12-05,,Conseil communal - 5 décembre 2024,95,3:49:11,3:49:46,35,Amendement mun. diminution 8205.3011
2024-12-05,,Conseil communal - 5 décembre 2024,96,3:49:46,3:50:45,59,Amendement cofi diminution 8205.3170.01
2024-12-05,,Conseil communal - 5 décembre 2024,97,3:50:45,3:52:15,90,Amendement cofi diminution 8205.4802.01
2024-12-05,,Conseil communal - 5 décembre 2024,98,3:52:15,3:52:49,34,Amendement tech. diminution 841.3652
2024-12-05,,Conseil communal - 5 décembre 2024,99,3:52:49,3:53:24,35,Amendement tech. diminution 842.3652
2024-12-05,,Conseil communal - 5 décembre 2024,100,3:53:24,3:53:48,24,Amendement tech. diminution 842.3652.01
2024-12-05,,Conseil communal - 5 décembre 2024,101,3:53:48,3:53:53,5,"Service de la famille, de l'éducation et du sport"
2024-12-05,,Conseil communal - 5 décembre 2024,102,3:53:53,3:55:30,97,Amendement diminution 951.3145
2024-12-05,,Conseil communal - 5 décembre 2024,103,3:55:30,4:06:43,673,5 min de pause
2024-12-05,,Conseil communal - 5 décembre 2024,104,4:06:43,4:08:07,84,Chiffres du budget lus par Mme Willommet (Municipale)
2024-12-05,,Conseil communal - 5 décembre 2024,105,4:08:07,4:16:35,508,Parole aux groupes
2024-12-05,,Conseil communal - 5 décembre 2024,106,4:16:35,4:17:28,53,Vote sur le budget
2024-12-05,,Conseil communal - 5 décembre 2024,107,4:17:28,4:17:50,22,Fin de la séance
2025-02-06,,Conseil communal - 6 février 2025,5,0:00,3:57,237,Début de la séance
2025-02-06,,Conseil communal - 6 février 2025,6,3:57,8:41,284,(1) Appel
2025-02-06,,Conseil communal - 6 février 2025,7,8:41,9:19,38,(2) Adoption de l'ordre du jour
2025-02-06,,Conseil communal - 6 février 2025,8,9:19,10:43,84,(3) Communications du Bureau et correspondance
2025-02-06,,Conseil communal - 6 février 2025,9,10:43,14:27,224,Prise de parole de M. Luccarini (Syndic)
2025-02-06,,Conseil communal - 6 février 2025,10,14:27,14:41,14,(4) Adoption du procès-verbal
2025-02-06,,Conseil communal - 6 février 2025,11,14:41,15:10,29,Prise de parole de M. Cornu (PLR)
2025-02-06,,Conseil communal - 6 février 2025,12,15:10,17:24,134,Prise de parole de M. Chiffelle (da.)
2025-02-06,,Conseil communal - 6 février 2025,13,17:24,21:27,243,(5) Prestation de serment
2025-02-06,,Conseil communal - 6 février 2025,14,21:27,24:52,205,(6) Elections
2025-02-06,,Conseil communal - 6 février 2025,15,24:52,25:59,67,Prise de parole de Mme Dohr (VL)
2025-02-06,,Conseil communal - 6 février 2025,16,25:59,27:14,75,Réponse de M. Bertschy (PLR)
2025-02-06,,Conseil communal - 6 février 2025,17,27:14,28:25,71,(7) Nominations
2025-02-06,,Conseil communal - 6 février 2025,18,28:25,28:50,25,(8) -
2025-02-06,,Conseil communal - 6 février 2025,19,28:50,28:53,3,(9) Préavis / Rapports-préavis
2025-02-06,,Conseil communal - 6 février 2025,20,28:53,29:41,48,(9.1) Rapport-préavis en réponse au postulat de M. Ansermet (PS) :« Réchauffement climatique : et si on créait des micro-forêts urbaines ? »
2025-02-06,,Conseil communal - 6 février 2025,21,29:41,31:25,104,(9.2) Adaptation de l’offre en transports publics Ligne de bus VMCV et demande crédit d’ouvrage pour réalisation de 5 nouveaux quais de bus
2025-02-06,,Conseil communal - 6 février 2025,22,31:25,34:28,183,"(9.3) Demande crédit d’investissement installation dispositif de vidéosurveillance, crédit supplémentaire déjà dépensé au budget 2024 et accepter mise en œuvre de mesures complémentaires - Réponse au postulat de Iamartino (PLR) : « Insécurité à la Gare, impunité ou réactivité »"
2025-02-06,,Conseil communal - 6 février 2025,23,34:28,34:38,10,(9.4) Crédits supplémentaires au budget communal 2024
2025-02-06,,Conseil communal - 6 février 2025,24,34:38,35:01,23,Question de Mme Dohr (VL)
2025-02-06,,Conseil communal - 6 février 2025,25,35:01,36:07,66,Réponse de M. Gonthier (da.)
2025-02-06,,Conseil communal - 6 février 2025,26,36:07,37:51,104,Prise de parole de M. Christen (VL)
2025-02-06,,Conseil communal - 6 février 2025,27,37:51,39:15,84,(9.5) Politique de l’habitat et du logement de la commune de Vevey ...
2025-02-06,,Conseil communal - 6 février 2025,28,39:15,39:22,7,(10) Rapports des commissions
2025-02-06,,Conseil communal - 6 février 2025,29,39:22,42:15,173,(10.1) Demande crédit d’ouvrage pour réalisation du réaménagement du préau du Collège de la Veveyse
2025-02-06,,Conseil communal - 6 février 2025,30,42:15,43:17,62,Prise de parole de M. Butty (PS)
2025-02-06,,Conseil communal - 6 février 2025,31,43:17,44:09,52,Prise de parole de Mme Gigon
2025-02-06,,Conseil communal - 6 février 2025,32,44:09,44:59,50,Question de M. Roduit (LCVL)
2025-02-06,,Conseil communal - 6 février 2025,33,44:59,45:36,37,Réponse de Mme Willommet (Municipale)
2025-02-06,,Conseil communal - 6 février 2025,34,45:36,46:20,44,Prise de parole de Mme Minacci (da.)
2025-02-06,,Conseil communal - 6 février 2025,35,46:20,46:27,7,Vote
2025-02-06,,Conseil communal - 6 février 2025,36,46:27,49:49,202,(10.2) Demande crédit d’investissement pour renouvellement 2025 infrastructure centrale de l’informatique de l’administration communale
2025-02-06,,Conseil communal - 6 février 2025,37,49:49,56:46,417,Informations de M. Luccarini (Syndic)
2025-02-06,,Conseil communal - 6 février 2025,38,56:46,1:04:13,447,Diverses prises de parole
2025-02-06,,Conseil communal - 6 février 2025,39,1:04:13,1:05:24,71,Question de M. Chiffelle (da.)
2025-02-06,,Conseil communal - 6 février 2025,40,1:05:24,1:07:07,103,Réponse de M. Luccarini (Syndic)
2025-02-06,,Conseil communal - 6 février 2025,41,1:07:07,1:13:40,393,Diverses prises de parole
2025-02-06,,Conseil communal - 6 février 2025,42,1:13:40,1:14:34,54,Vote
2025-02-06,,Conseil communal - 6 février 2025,43,1:14:34,1:14:40,6,(11) Réponses aux interpellations
2025-02-06,,Conseil communal - 6 février 2025,44,1:14:40,1:17:54,194,(11.1) Interpellation de M. Christen (VL) : « L’affichage commercial ne devrait-il pas permettre de financer l’affichage communal et associatif ? »
2025-02-06,,Conseil communal - 6 février 2025,45,1:17:54,1:19:22,88,Réponse de Mme Kämpf (Municipale)
2025-02-06,,Conseil communal - 6 février 2025,46,1:19:22,1:21:45,143,Diverses prises de parole
2025-02-06,,Conseil communal - 6 février 2025,47,1:21:45,1:22:20,35,Réponse de Mme Kämpf (Municipale)
2025-02-06,,Conseil communal - 6 février 2025,48,1:22:20,1:24:54,154,Diverses prises de parole
2025-02-06,,Conseil communal - 6 février 2025,49,1:24:54,1:26:15,81,(11.2) Interpellation de M. Bertschy (PLR) : « Une mise à jour s’impose ! »
2025-02-06,,Conseil communal - 6 février 2025,50,1:26:15,1:29:23,188,Réponse de M. Dormond (Municipal)
2025-02-06,,Conseil communal - 6 février 2025,51,1:29:23,1:31:49,146,Questions de M. Bertschy (PLR)
2025-02-06,,Conseil communal - 6 février 2025,52,1:31:49,1:32:55,66,Réponse de M. Dormond (Municipal)
2025-02-06,,Conseil communal - 6 février 2025,53,1:32:55,1:34:37,102,Prise de parole de Mme Dohr (VL)
2025-02-06,,Conseil communal - 6 février 2025,54,1:34:37,1:36:57,140,Réponse de M. Dormond (Municipal)
2025-02-06,,Conseil communal - 6 février 2025,55,1:36:57,1:37:54,57,Question de M. Gonthier (da.)
2025-02-06,,Conseil communal - 6 février 2025,56,1:37:54,1:38:53,59,Réponse de M. Dormond (Municipal)
2025-02-06,,Conseil communal - 6 février 2025,57,1:38:53,1:38:58,5,"(13) Interpellations, motions, postulats, projets de règlement"
2025-02-06,,Conseil communal - 6 février 2025,58,1:38:58,1:43:56,298,(13.1) Interpellation de M. Ansermet (PS) : « Stationnement sur les Quais de la Veveyse et Maria Belgia : des interrogations et des questions… »
2025-02-06,,Conseil communal - 6 février 2025,59,1:43:56,1:44:58,62,Question de M. Roduit (LCVL)
2025-02-06,,Conseil communal - 6 février 2025,60,1:44:58,1:46:01,63,Réponse de M. Dormond (Municipal)
2025-02-06,,Conseil communal - 6 février 2025,61,1:46:01,1:48:11,130,"(13.2) Interpellation de M. Bertschy (PLR) : « Réaménagement de la Place du Marché, quand, délais, combien… »"
2025-02-06,,Conseil communal - 6 février 2025,62,1:48:11,1:50:54,163,"(13.3) Interpellation de Mme Dohr (VL) : « Vouloir tout mener de front, est-ce vraiment la solution? »"
2025-02-06,,Conseil communal - 6 février 2025,63,1:50:54,1:54:43,229,Réponse de M. Imhof (Municipal)
2025-02-06,,Conseil communal - 6 février 2025,64,1:54:43,1:55:09,26,Question de Mme Dohr (VL)
2025-02-06,,Conseil communal - 6 février 2025,65,1:55:09,1:55:28,19,Réponse de M. Imhof (Municipal)
2025-02-06,,Conseil communal - 6 février 2025,66,1:55:28,1:55:50,22,Prise de parole de M. Schobinger (UDC)
2025-02-06,,Conseil communal - 6 février 2025,67,1:55:50,1:56:05,15,Précision de M. Imhof (Municipal)
2025-02-06,,Conseil communal - 6 février 2025,68,1:56:05,1:56:35,30,Prise de parole de M. Bertschy (PLR)
2025-02-06,,Conseil communal - 6 février 2025,69,1:56:35,1:58:29,114,(13.4) Interpellation de M. Christen (VL/Interpartis) : « Du sport pour tous » pour passer du slogan à la réalité
2025-02-06,,Conseil communal - 6 février 2025,70,1:58:29,1:59:03,34,Prise de parole de M. Roduit (LCVL)
2025-02-06,,Conseil communal - 6 février 2025,71,1:59:03,2:03:59,296,(13.5) Motion de M. Bertschy (PLR/Interpartis) : « Soyons à l’écoute des veveysannes et des veveysans »
2025-02-06,,Conseil communal - 6 février 2025,72,2:03:59,2:04:51,52,Précisions de M. Schobinger (UDC)
2025-02-06,,Conseil communal - 6 février 2025,73,2:04:51,2:28:24,1413,Diverses prises de parole
2025-02-06,,Conseil communal - 6 février 2025,74,2:28:24,2:35:21,417,Réponse de M. Dormond (Municipal)
2025-02-06,,Conseil communal - 6 février 2025,75,2:35:21,2:40:41,320,Prise de parole de M. Bertschy (PLR)
2025-02-06,,Conseil communal - 6 février 2025,76,2:40:41,2:41:58,77,Motion d'ordre proposée par M. T. Wahli (Les Vert-e-s)
2025-02-06,,Conseil communal - 6 février 2025,77,2:41:58,2:42:38,40,Vote sur la motion d'ordre
2025-02-06,,Conseil communal - 6 février 2025,78,2:42:38,2:45:30,172,Vote sur le renvoi à la Municipalité
2025-02-06,,Conseil communal - 6 février 2025,79,2:45:30,2:46:09,39,Vote sur le renvoi en commission
2025-02-06,,Conseil communal - 6 février 2025,80,2:46:09,2:50:22,253,"(13.6) Postulat de M. Cornu (PLR) : « Vevey, ville indépendante ou chef-lieu du district de la Riviera ? »"
2025-02-06,,Conseil communal - 6 février 2025,81,2:50:22,2:59:16,534,Réponse de M. Dormond (Municipal)
2025-02-06,,Conseil communal - 6 février 2025,82,2:59:16,3:00:04,48,Motion d'ordre proposée par M. Tolusso (da.)
2025-02-06,,Conseil communal - 6 février 2025,83,3:00:04,3:00:16,12,Prise de parole de M. Bertschy (PLR)
2025-02-06,,Conseil communal - 6 février 2025,84,3:00:16,3:00:51,35,Prise de parole de M. Tolusso (da.)
2025-02-06,,Conseil communal - 6 février 2025,85,3:00:51,3:01:21,30,Vote sur la motion d'ordre
2025-02-06,,Conseil communal - 6 février 2025,86,3:01:21,3:03:19,118,Vote sur le renvoi à la Municipalité
2025-02-06,,Conseil communal - 6 février 2025,87,3:03:19,3:03:41,22,Vote sur le renvoi en commission
2025-02-06,,Conseil communal - 6 février 2025,88,3:03:41,3:03:52,11,"(14) Questions voeux, propositions individuelles"
2025-02-06,,Conseil communal - 6 février 2025,89,3:03:52,3:05:31,99,Informations de Mme Kämpf (Municipale)
2025-02-06,,Conseil communal - 6 février 2025,90,3:05:31,3:13:25,474,Diverses prises de parole et informations
2025-02-06,,Conseil communal - 6 février 2025,91,3:13:25,3:13:40,15,Fin de la séance
